:020000040800F2
:1000000008F9012061020008773800086F380008FD
:10001000733800088D1000086D3E000800000000D5
:10002000000000000000000000000000A101000826
:10003000C110000800000000FD0100081D39000883
:100040008502000885020008850200088502000874
:100050008502000885020008850200088502000864
:100060008502000885020008850200088502000854
:100070008502000885020008850200088502000844
:100080008502000885020008850200088502000834
:100090008502000885020008850200088502000824
:1000A0008502000885020008850200088502000814
:1000B000850200088502000845390008850200080D
:1000C00085020008850200088502000885020008F4
:1000D000850200085D3E00088502000885020008D0
:1000E00085020008850200088502000885020008D4
:1000F00085020008850200088502000885020008C4
:1001000085020008850200088502000885020008B3
:1001100085020008850200088502000885020008A3
:100120008502000885020008850200088502000893
:10013000911000087D110008850200088502000862
:100140008502000885020008850200088502000873
:100150008502000885020008850200088502000863
:100160008502000885020008850200088502000853
:1001700085020008850200088502000800000000D2
:100180008502000885020008DFF810D000F006FCA8
:100190000048004715A50008AFF3008008F90120CA
:1001A0002C4B19680868B0E8F04F80F30988BFF35A
:1001B0006F8F4FF0000080F311887047000000003F
:1001C00008480068006880F308884FF0000080F35A
:1001D000148862B661B6BFF34F8FBFF36F8F00DF35
:1001E00000BF00BF08ED00E0DFF80C00016841F43B
:1001F00070010160704700BF88ED00E0EFF30980F7
:10020000BFF36F8F134B1A681EF0100F08BF20ED5D
:10021000108A20E9F04F106009B44FF0500080F3CD
:100220001188BFF34F8FBFF36F8F16F0F5FB4FF0C0
:10023000000080F3118809BC19680868B0E8F04F25
:100240001EF0100F08BFB0EC108A80F30988BFF3CE
:100250006F8F7047C4020020EFF3058070470000E5
:100260000948016841F47001016008488047084866
:100270000047FEE7FEE7FEE7FEE7FEE7FEE7FEE7F4
:10028000FEE7FEE7FEE7000088ED00E031390008F8
:10029000890100082DE9F05F0546002092469B4643
:1002A00088460646814640241BE02846414647468C
:1002B000224600F08CFA53465A46C01A914110D398
:1002C00011461846224600F073FA2D1A67EB010812
:1002D0004F4622460120002100F06AFA17EB000980
:1002E0004E41201EA4F10104DFDC484631462A4677
:1002F0004346BDE8F09F00000649074A086850439E
:1003000043F2390210440860400870470149086010
:1003100070470000440300206D4EC64110B5431ADB
:10032000934209D28318881803E010F8011D03F8DE
:10033000011D521EF9D210BD40EA01039B0703D0F4
:1003400009E008C9121F08C0042AFAD203E011F814
:10035000013B00F8013B521EF9D210BDD2B201E0C0
:1003600000F8012B491EFBD270470022F6E710B5BA
:1003700013460A4604461946FFF7F0FF204610BD13
:10038000421C10F8011B0029FBD1801A704730B5C0
:1003900004460020034600E05B1C934203D2E05C6D
:1003A000CD5C401BF8D030BD2DE9FE4F804681EA80
:1003B0000300C00F0C46009021F0004123F00045DF
:1003C000B8EB0200A94105D24046214690461C46A2
:1003D0000B46024623F00040104347D0270DC7F3D9
:1003E0000A00C3F30A510290401A019040286BDAC8
:1003F000C3F3130040F4801B0098924620B1002301
:10040000D2EB030A63EB0B0B01985946C0F1400293
:10041000504600F0CDF906460D4650465946019A21
:1004200000F0E5F910EB08006141002487EA115261
:1004300084EAE7731A4340D0009A62B3019A012A12
:100440004FEA075215DC001B61EB02014FF000423E
:1004500002EA0752CDE90042001C41F58011324604
:100460002B4600F01CFA03B0BDE8F08F4046214651
:10047000F9E7001B61EB0201001C41F58013001835
:100480005B412018A2F5001747EB030140EAD57045
:10049000B6196D4111E06D084FEA360645EAC075A0
:1004A0004FEA0752001B61EB0201001C41F580116D
:1004B00049084FEA30000019514132462B4603B03B
:1004C000BDE8F04F00F0DCB90098012240000023A5
:1004D000D0EB020263EBE073009821464FEAE07430
:1004E000B8EB000061EB0401E9E783F000435BE750
:1004F00081F0004158E72DE9FE4F81EA030404F042
:10050000004421F0004100944FF0000B23F0004321
:1005100050EA01045ED052EA03045BD0C3F30A54EC
:10052000C1F30A552C44A4F2F3340194A0FB025405
:10053000C1F3130141F48011C3F3130343F4801397
:1005400001FB024400FB034E840A970A44EA8154EB
:1005500047EA8357A4FB076802958D0A05FB0785C8
:100560004FEA932C04FB0C542705029D4FEA0658D2
:1005700047EA1637B5EB08056EEB070C870E920EAF
:1005800047EA811742EA8312A7FB0201B6EB0B018F
:1005900064EB00042B0D43EA0C335E1844EB1C5053
:1005A000DA465146E7FB0201C5F313044FEA0B3369
:1005B00043EA14534FEA0432019C43EA0603A4F1D0
:1005C0000C040294009CCDE900B400F068F903B07B
:1005D000BDE8F08F00200146F9E72DE9F04D81EAF2
:1005E000030404F0004B21F0004514464FF0000ACC
:1005F00023F0004150EA050220D054EA01021DD048
:10060000C5F30A570246C5F31303C1F31300C1F340
:100610000A5640F4801543F48013A7EB0608101B1C
:10062000D64608F2FD3873EB050002D308F1010845
:1006300001E092185B41B8F1000F03DA0020014697
:10064000BDE8F08D00204FF48011064684460EE090
:10065000171B73EB050705D3121B63EB050306435A
:100660004CEA010C49084FEA300092185B4150EA0D
:100670000107EDD152EA030012D082EA040083EAB6
:100680000501084305D0101BAB4106D2012200230F
:1006900006E000224FF0004302E06FF00102531029
:1006A0001AEB06004CEB085110EB0A0041EB0B0172
:1006B000BDE8F04D00F0E4B80EB5C10F80EAE0707F
:1006C0000844CA07002140F233438DE80E000A4671
:1006D0000B4600F0E4F803B000BD0EB540F2334124
:1006E00002910021CDE900110A460B4600F0D7F82F
:1006F00003B000BD00F0004230F000400AD0C10D50
:1007000001F56071C0F3160042EA0151C2084007CA
:1007100011437047002001467047000030B5041EA9
:1007200071F1000404DB4FF00044404264EB01012E
:10073000141E73F1000405DB1C464FF000435242C7
:1007400063EB04038B4208BF824230BD01F00043DB
:1007500030B421F0004150EA010206D00A0DA2F5A2
:100760006072C1F31301002A02DC30BC0020704724
:10077000440F44EAC104C100E01830BC00EBC25091
:1007800000F047B830B50B46014600202022012476
:1007900009E021FA02F59D4205D303FA02F5491B4F
:1007A00004FA02F52844151EA2F10102F1DC30BD65
:1007B000202A04DB203A00FA02F100207047914021
:1007C000C2F1200320FA03F3194390407047202A16
:1007D00004DB203A21FA02F00021704721FA02F3EB
:1007E000D040C2F120029140084319467047202AA8
:1007F00006DBCB17203A41FA02F043EAE07306E049
:1008000041FA02F3D040C2F1200291400843194658
:1008100070470029A8BF7047401C490008BF20F05E
:100820000100704710B4B0FA80FC00FA0CF050EAF6
:10083000010404BF10BC704749B1CCF1200421FA77
:1008400004F411FA0CF118BF012121430843A3EB72
:100850000C01CB1D4FEA00614FEA102042BF00207F
:1008600010BC704700EBC35010440029A4BF10BC5B
:100870007047401C490008BF20F0010010BC7047C1
:1008800010B5141E73F1000408DA401C41F1000198
:1008900092185B411A4301D120F0010010BD2DE9EF
:1008A000F04D92469B4611B1B1FA81F202E0B0FAE6
:1008B00080F220329046FFF77BFF04460F4640EA65
:1008C0000A0041EA0B0153465A46084313D0114629
:1008D00053EA010019D0C8F140025046FFF777FFF4
:1008E00005460E46504659464246FFF761FF08430B
:1008F00005D0012004E020463946BDE8F08D0020F7
:10090000054346EAE0762C4337430A986305E40A38
:10091000A0EB08000022FD0A44EA47540A3002D541
:1009200000200146E9E7010510196941DDE90845A4
:1009300000196941BDE8F04DA2E7C1F30A52C1F3C5
:10094000130140F2FF3341F480119A4202DA002091
:100950000146704740F233439A42A2F2334202DC2E
:100960005242FFF734BFFFF723BF000030B5041E2B
:1009700071F1000404DB4FF00044404264EB0101DC
:10098000141E73F1000405DB1C464FF00043524275
:1009900063EB0403994208BF904230BD064C074DFB
:1009A00006E0E06840F0010394E80700984710343F
:1009B000AC42F6D3FFF7ECFBA4830108C483010823
:1009C00070B58C1810F8015B15F0070301D110F811
:1009D000013B2A1106D110F8012B03E010F8016B3E
:1009E00001F8016B5B1EF9D12B0705D40023521EC1
:1009F0000DD401F8013BFAE710F8013BCB1A921C29
:100A000003E013F8015B01F8015B521EF9D5A14226
:100A1000D8D3002070BD000010B50446082C16D2B3
:100A2000DFE804F0041628394A5B6C7C0022802140
:100A3000434801F0D7FF00224FF48071404801F095
:100A4000D1FF00224FF400713D4801F0CBFF75E06B
:100A5000012280213A4801F0C5FF00224FF4807145
:100A6000374801F0BFFF00224FF40071344801F015
:100A7000B9FF63E000228021314801F0B3FF012279
:100A800011022F4801F0AEFF00224FF400712C48F4
:100A900001F0A8FF52E001228021294801F0A2FFC5
:100AA00001221102264801F09DFF00224FF400713F
:100AB000234801F097FF41E000228021204801F007
:100AC00091FF00224FF480711D4801F08BFF01223D
:100AD00051021B4801F086FF30E0012280211848B6
:100AE00001F080FF00224FF48071154801F07AFF79
:100AF00001225102124801F075FF1FE000228021FF
:100B00000F4801F06FFF012211020D4801F06AFF4A
:100B1000012251020A4801F065FF0FE00122802105
:100B2000074801F05FFF01221102054801F05AFF5A
:100B300001225102024801F055FF00BF00BF10BD65
:100B40000008024010B500224FF48051054801F022
:100B500049FF012001F01CF901221103014801F0B5
:100B600041FF10BD0004024070B52DED068B044618
:100B700025B234480078D0B3012802D002285ED1D3
:100B80001FE02846FFF798FD41EC1A0B9FED2E0B56
:100B900053EC102BFFF7AFFC41EC190B9FED2C0B26
:100BA00053EC102BFFF719FD41EC180B9FED2A0BAE
:100BB00053EC102BFFF79FFC41EC100BBDEC068BA8
:100BC00070BD2846FFF778FD41EC1A0B9FED240B12
:100BD00053EC102BFFF78FFC41EC190B9FED1C0B16
:100BE00053EC102BFFF7F9FC41EC180B00E008E088
:100BF0009FED190B53EC102BFFF77DFC41EC100B14
:100C0000DCE72846FFF758FD41EC1A0B9FED160B69
:100C100053EC102BFFF76FFC41EC190B9FED0C0B05
:100C200053EC102BFFF7D9FC41EC180B9FED0A0B8E
:100C300053EC102BFFF75FFC41EC100BBEE79FED70
:100C40000C0BBBE757000020000000000000144020
:100C5000000000000000F0400000000000408F4055
:100C600000000000000024400000000000003440AC
:100C700000000000000000002DE9F04706464FF498
:100C8000004400274FF0000800254FF0000928E03D
:100C900000220221174801F0A5FE4FF4005116482A
:100CA00001F08EFE0546012D01D1274301E005B973
:100CB000A7434FF48051104801F082FE0546012DF4
:100CC00002D148EA040802E00DB928EA04086410D9
:100CD00001220221074801F085FE09F101001FFAF7
:100CE00080F9B9F1100FD3DB3780A6F80280BDE898
:100CF000F0870000000402400008024010B50446DE
:100D000000F04CF801229102084801F06BFE01222C
:100D10004021074801F066FE01220221044801F04B
:100D200061FE204600F094F910BD0000000802406A
:100D30000004024070B50446012500BF4FF4005185
:100D40000B4801F03DFE0546002DF7D10022402161
:100D5000074801F047FE012001F01AF82046FFF78E
:100D60008BFF01224021024801F03CFE70BD0000D3
:100D70000004024010B500228021074801F032FE35
:100D8000012001F005F801228021034801F02AFE2C
:100D9000142000F0FDFF10BD0004024000B587B034
:100DA000142102A8FFF7E1FA00BF0020019080485B
:100DB000006840F001007E4908600846006800F0C5
:100DC0000100019000BF00BF00BF00200190084655
:100DD000006840F0020008600846006800F0020069
:100DE000019000BF00BF00BF0020019008460068CE
:100DF00040F0040008600846006800F0040001901C
:100E000000BF00BF002230216A4801F0EBFD002244
:100E10004FF46051684801F0E5FD00220321674866
:100E200001F0E0FD00224FF46071634801F0DAFD4B
:100E300000224FF48061604801F0D4FD0022C021FF
:100E40005E4801F0CFFD00224FF440515B4801F0B5
:100E5000C9FD20200290012003900020049003206F
:100E6000059002A9534801F0A9FC1020029001202E
:100E70000390002004900320059002A94D4801F042
:100E80009DFC80200290012003900020049003200C
:100E9000059002A9484801F091FC4FF4807002903F
:100EA00001200390002004900320059002A94248ED
:100EB00001F084FC4FF400700290012003900020A8
:100EC00004900320059002A93B4801F077FC4020E4
:100ED000029001200390002004900320059002A9B5
:100EE000364801F06BFC4FF4005002900120039053
:100EF000002004900320059002A9304801F05EFC18
:100F0000022002900120039000200490032005900D
:100F100002A92A4801F052FC01200290039000200F
:100F200004900320059002A9244801F047FC80208A
:100F3000029001200390002004900320059002A954
:100F40001E4801F03BFC4FF48050029001200390BA
:100F5000002004900320059002A9184801F02EFCFF
:100F60004FF4806002900120039000200490032041
:100F7000059002A9104801F021FC4FF44050029066
:100F80000020039004900320059002A90A4801F074
:100F900015FC4FF4006002900020039004900320A1
:100FA000059002A9044801F009FC07B000BD00004B
:100FB00030380240000002400008024000040240B5
:100FC00010B5044616480470007801280AD10122A1
:100FD0001021144801F006FD00222021114801F0E3
:100FE00001FD1BE00E48007802280AD100221021E2
:100FF0000C4801F0F7FC012220210A4801F0F2FC24
:101000000CE00748007848B901221021054801F09A
:10101000E9FC01222021034801F0E4FC10BD00009E
:10102000570000200000024010B5044634B90022E9
:101030004FF40061054801F0D5FC06E0012C04D115
:101040000122D102014801F0CDFC10BD0008024090
:1010500010B5044654B9012210210B4801F0C2FC1E
:1010600001222021084801F0BDFC0BE0012C09D130
:1010700000221021044801F0B5FC00222021024882
:1010800001F0B0FC10BD00000000024000BFFEE710
:101090000948006800F0200060B10120074908708D
:1010A00000BF05480830006840F0200002490831C0
:1010B000086000BF70470000046402405600002032
:1010C0007047016801F58051896921F002020168C9
:1010D00001F580518A617047016801F58051896985
:1010E00041F00202016801F580518A617047016890
:1010F00001F58051896921F40052016801F58051A0
:101100008A617047016801F58051896941F4005294
:10111000016801F580518A617047000008B50849EF
:101120000968C9084FF47A72B1FBF2F141430091AA
:1011300000BF00BF00994A1E00920029F9D108BDE6
:101140000000002038B5044600200090206800F51B
:101150008050806940F48011206800F580508161E2
:10116000206800F58050806900900120FFF7D6FFCD
:101170000099206800F58050816138BD10B50A499A
:10118000886A06F059F908B109F08CF84FF48031FB
:101190000548006800F58050416140210248006820
:1011A00000F58050416110BD5404002030B5034665
:1011B0001479557944EA0520084C0C442064D4780D
:1011C0002406957844EA0544557844EA05241578C0
:1011D00044EA0500014C0C44606430BD00800240CC
:1011E00070B5AEB004460E46002526B14FF400613E
:1011F000E160C900A160002011901290139014903A
:1012000015901690E06918B94FF48060179001E0CE
:10121000002017904FF400701890002019901A9039
:101220001B901C901D9040201E9000201F9020902D
:101230002190229023902490259026908020279022
:101240000020289029902A902B902C902D90206897
:10125000056871480540DDE9110108431399084309
:1012600014990843A168084315990843169908433F
:10127000E1680843179908431899084319990843E6
:101280001A9908431B9908430543206805602068A4
:101290000568012000F07CFD20680560DDE91C0187
:1012A00008431E9908431F99084320990843219930
:1012B000084322990843239908432168486020681D
:1012C0004568012000F064FD20684560249821688D
:1012D000886025982168C860206885694FF641704C
:1012E0000540DDE9261040EA014028990843299984
:1012F00008432A9908432B990843054320688561D0
:1013000020688569012000F043FD20688561DDE9E2
:101310002C0108432168C8612068C569012000F0DC
:1013200037FD2068C561002001904FF000700290E9
:10133000002003904FF400100490002005900690C8
:101340000790089004200990C0050A9040120B9065
:1013500080010C9040120D9080200E9000200F9084
:101360001090206800F5805085692C480540DDE923
:101370000101084303990843049908430599084368
:1013800006990843079908430899084309990843AF
:101390000543206800F580508561206800F5805085
:1013A0008569012000F0F4FC206800F5805085611B
:1013B000DDE90A0108430C9908430D9908430E9989
:1013C00008430F9940EA81001099084340F4000156
:1013D000206800F580500160206800F580500568A5
:1013E000012000F0D5FC206800F580500560A06960
:1013F000012809D1206800F58050C06908490843D8
:10140000216801F58051C861002120466269FFF71B
:10141000CDFE2EB070BD00000F8120FF233FDEF80F
:101420004000010038B504460020009020680068A4
:1014300020F0040021680860206800680090012006
:10144000FFF76CFE00982168086038BD38B5044687
:10145000002000902068006840F0040021680860C7
:101460002068006800900120FFF758FE009821686E
:10147000086038BD38B50446002000902068006838
:1014800020F00800216808602068006800900120B2
:10149000FFF744FE00982168086038BD38B504465F
:1014A000002000902068006840F008002168086073
:1014B0002068006800900120FFF730FE0098216846
:1014C000086038BD00B52DED068B93B00CF0ECF83C
:1014D0000020FE490870E3E2FD49FC4A127851F809
:1014E0002200FFF7FAF841EC1A0B9FEDFA0B53ECD0
:1014F000102BFFF700F841EC190B9FEDF80B53ECA4
:10150000102BFFF76AF841EC180BFFF71FF90DA934
:10151000EE4A127841F82200F249EC4A127851F86A
:101520002200FFF7DAF841EC1A0B9FEDEA0B53ECBF
:10153000102BFEF7E0FF41EC190B9FEDE80B53EC8D
:10154000102BFFF74AF841EC180BFFF7FFF807A93B
:10155000DE4A127841F82200E349DC4A127851F859
:101560002200FFF7BAF841EC1A0B9FEDDA0B53ECAF
:10157000102BFEF7C0FF41EC190B9FEDD80B53EC7D
:10158000102BFFF72AF841EC180BFFF7DFF801A941
:10159000CE4A127841F822000DA8CC49097800EB18
:1015A000810090ED000AD148C849097800EB81001C
:1015B000D0ED000A30EE600A0DA8C449097800EBAE
:1015C000810080ED000A07A8C049097800EB81007E
:1015D00090ED000AC648BD49097800EB8100D0EDC6
:1015E000000A30EE600A07A8B849097800EB8100CC
:1015F00080ED000A01A8B549097800EB810090ED63
:10160000000ABC48B149097800EB8100D0ED000A1E
:1016100030EE600A01A8AD49097800EB810080ED49
:10162000000A0DA8A94A127800EB820090ED000A8A
:1016300010EE101A0846FFF75DF841EC190BB0EEFA
:10164000490AF0EE690A02F053FCB0EE408AF0EE6F
:10165000608A9FEDA90B53EC102B51EC180BFFF790
:101660005DF80ED20DA89949097800EB810090ED44
:10167000000AA3489549097800EB810080ED000A33
:1016800040E00DA89149097800EB810090ED000A37
:10169000DFED9C0AB4EEE00AF1EE10FA12D20DA8CA
:1016A0008A49097800EB810090ED000ADFED960A87
:1016B00030EE200A92488549097800EB810080EDE0
:1016C000000A1FE00DA88149097800EB810090ED28
:1016D000000ADFED8E0AB4EEE00AF1EE10FA11DD39
:1016E0000DA87A49097800EB810090ED000ADFED42
:1016F000860A30EE600A82487449097800EB81005E
:1017000080ED000A07A8714A127800EB820090ED84
:10171000000A10EE101A0846FEF7ECFF41EC190B18
:10172000B0EE490AF0EE690A02F0E2FBB0EE408A40
:10173000F0EE608A9FED700B53EC102B51EC180B00
:10174000FEF7ECFF0ED207A86049097800EB810094
:1017500090ED000A6E485D49097800EB810080ED4C
:10176000000A40E007A85949097800EB810090ED94
:10177000000ADFED640AB4EEE00AF1EE10FA12D2CC
:1017800007A85249097800EB810090ED000ADFEDCF
:101790005E0A30EE200A5E484C49097800EB810071
:1017A00080ED000A1FE007A84849097800EB810096
:1017B00090ED000ADFED550AB4EEE00AF1EE10FA02
:1017C00011DD07A84149097800EB810090ED000A7E
:1017D000DFED4D0A30EE600A4D483C49097800EBD8
:1017E000810080ED000A01A8384A127800EB8200DF
:1017F00090ED000A10EE101A0846FEF77BFF41EC50
:10180000190BB0EE490AF0EE690A02F071FBB0EE76
:10181000408AF0EE608A9FED380B53EC102B51ECB0
:10182000180BFEF77BFF0ED201A82849097800EBC0
:10183000810090ED000A37482449097800EB8100C7
:1018400080ED000A40E001A82049097800EB810002
:1018500090ED000ADFED2B0AB4EEE00AF1EE10FA8B
:1018600012D201A81949097800EB810090ED000A15
:10187000DFED250A30EE200A26481449097800EBEE
:10188000810080ED000A1FE001A81049097800EBF3
:10189000810090ED000ADFED1D0AB4EEE00AF1EEE2
:1018A00010FA11DD01A80949097800EB810090EDDB
:1018B000000ADFED150A30EE600A16480349097880
:1018C00000EB810080ED000A0D4825E04B00002070
:1018D0009C04002000000000008046400000000042
:1018E00000008040B4040020CC040020E404002068
:1018F000FC04002014050020000000000080664069
:1019000044050020000034C30000B4430000344309
:101910005C050020740500209C49097800EB8100DB
:1019200090ED000A5FED090AB4EEE00AF1EE10FA5C
:1019300011D297489549097800EB810090ED000A93
:101940005FED0F0A30EE200A91489049097800EBCC
:10195000810080ED000A8E488C49097800EB8100F7
:1019600090ED000A5FED170AB4EEE00AF1EE10FA0E
:1019700011DD87488549097800EB810090ED000A68
:10198000DFED840A30EE200A81488049097800EBB7
:10199000810080ED000A80487C49097800EB8100D5
:1019A00090ED000A5FED290AB4EEE00AF1EE10FABC
:1019B00011D279487549097800EB810090ED000A51
:1019C0005FED2F0A30EE200A73487049097800EB6A
:1019D000810080ED000A70486C49097800EB8100B5
:1019E00090ED000A5FED370AB4EEE00AF1EE10FA6E
:1019F00011DD69486549097800EB810090ED000A26
:101A0000DFED640A30EE200A63486049097800EB94
:101A1000810080ED000A61485C49097800EB810093
:101A200090ED000A5FED490AB4EEE00AF1EE10FA1B
:101A300011D25A485549097800EB810090ED000A0F
:101A40005FED4F0A30EE200A54485049097800EB08
:101A5000810080ED000A51484C49097800EB810073
:101A600090ED000A5FED570AB4EEE00AF1EE10FACD
:101A700011DD4A484549097800EB810090ED000AE4
:101A8000DFED440A30EE200A44484049097800EB73
:101A9000810080ED000A3D480078401C3B490870F9
:101AA0003A4800780628FFF617AD394890ED000A4D
:101AB0003B4880ED000A364890ED010A384880ED39
:101AC000010A334890ED020A354880ED020A304899
:101AD00090ED030A324880ED030A2D4890ED040A88
:101AE0002F4880ED040A2A4890ED050A2C4880ED25
:101AF000050A294890ED000A294880ED060A264883
:101B000090ED010A264880ED070A234890ED020A6D
:101B1000234880ED080A204890ED030A204880ED14
:101B2000090A1D4890ED040A1D4880ED0A0A1A486A
:101B300090ED050A1A4880ED0B0A184890ED000A4E
:101B4000174880ED0C0A154890ED010A144880ED05
:101B50000D0A124890ED020A114880ED0E0A0F4856
:101B600090ED030A0E4880ED0F0A0C4890ED040A30
:101B70000B4880ED100A094890ED050A084880EDF1
:101B8000110A13B0BDEC068B00BD00004B00002015
:101B9000440500200000B4C35C050020740500204B
:101BA0008C05002010B52DED068B0BF07DFD00207F
:101BB0003749087064E03749354A127851F82200F5
:101BC000FEF78BFD41EC1A0B9FED330B53EC102B02
:101BD000FEF791FC41EC190B9FED310B53EC102BF0
:101BE000FEF7FBFC41EC180BFEF7B0FD2E49284A2E
:101BF000127841F822002D49254A127851F8220026
:101C0000FEF76BFD41EC1A0B9FED230B53EC102BF1
:101C1000FEF771FC41EC190B9FED210B53EC102BDF
:101C2000FEF7DBFC41EC180BFEF790FD2049184A4B
:101C3000127841F822001F49154A127851F8220003
:101C4000FEF74BFD41EC1A0B9FED130B53EC102BE1
:101C5000FEF751FC41EC190B9FED110B53EC102BCF
:101C6000FEF7BBFC41EC180BFEF770FD1249084A69
:101C7000127841F8220006480078401C0449087098
:101C800003480078062896DBBDEC068B10BD0000EB
:101C90004B0000209C040020000000000080464013
:101CA0000000000000008040E4040020B404002094
:101CB000FC040020CC0400201405002070B504466C
:101CC000A56D00F09BFE064694F83500022808D06A
:101CD0008020606500BF002084F8340000BF012030
:101CE00070BD2068006820F0160021680860206838
:101CF000406920F0800021684861206C08B9A06C20
:101D000028B12068006820F0080021680860206879
:101D1000006820F00100216808600FE000F06EFE0E
:101D2000801B05280AD92020606500BF002084F8A8
:101D3000340000BF032084F83500D1E72068006834
:101D400000F001000028E9D194F85C103F208840A1
:101D5000A86000BF002084F8340000BF012084F890
:101D600035000020BCE7014691F83500022803D079
:101D70008020486501207047052081F835000868FB
:101D8000006820F001000A6810600020F3E70000FE
:101D900070B5044600F032FE06462546681C10B1B8
:101DA00004480078054400BF00F028FE801BA842CC
:101DB000FAD370BD3000002070B504460D461646BB
:101DC000002200BF94F84500012801D1022070BD17
:101DD000012084F8450000BF022084F84400A56279
:101DE00000221FE005EB42114FF00040086044F272
:101DF000F4504860C2EBC21000EB400006EB8000DC
:101E00008860A069012803D1486820F0004048603C
:101E1000581E904204D905EB42102030C86000E003
:101E2000CD60521C9A42DDD3206800F58050C56019
:101E3000012084F8440000BF002084F8450000BF62
:101E400000BFC4E770B504460D461646002200BF29
:101E500094F84500012801D1022070BD012084F8CA
:101E6000450000BF022084F84400E56200221BE028
:101E700005EB42114FF480100860C2EBC21000EB7A
:101E8000400006EB80008860E06918B9086840F4FB
:101E900040000860581E904204D905EB42102030E3
:101EA000C86000E0CD60521C9A42E1D3206800F582
:101EB00080500561012084F8440000BF002084F8B0
:101EC000450000BF00BFC8E70146002200BF91F8EF
:101ED0004500012801D102207047012081F845000A
:101EE00000BF022081F84400886A006800F00040CA
:101EF000002838D1886A006800F48070F0B1886BDF
:101F0000401C8863886B012801D1886A08638B6A4A
:101F10004B63886A0068C0F30D40021FCA63086BF8
:101F200083680B64886AC0688862012081F8440075
:101F300000BF002081F8450000BFCDE7886A006837
:101F400000F4007048B1886A086300234B630123E2
:101F50008B63886AC068886205E0886B401C886370
:101F6000886AC0688862012081F8440000BF0020B0
:101F700081F8450000BF0120AEE700002DE9FC41DB
:101F800004460025002001909D4E0027804614B98C
:101F90000120BDE8FC8194F8440028B9002084F8B1
:101FA0004500204600F03AF900BF00200090954817
:101FB000006840F48040934908600846006800F4D7
:101FC0008040009000BF00BF8F48006820F40000F0
:101FD0008D49086008460068216A08438A490860FC
:101FE000206800F58050006840F00101206800F58D
:101FF0008050016000F002FD07460FE000F0FEFC9B
:10200000C01BB0F5FA7F09D9032084F8440000BF53
:10201000002084F8450000BF0320BAE7206800F5DF
:102020008050006800F001000028E7D120680569B1
:1020300025F01C0500F05EFE06467448864205D376
:102040007348864202D245F008051AE0704886427D
:1020500005D36B48864202D245F00C0511E0684872
:10206000864203D36B48864200D20AE06948864222
:1020700005D36948864202D245F0040501E045F0E7
:102080001005206805614FF400420021204600F051
:102090004DFB48B14FF0010841462046FFF7A0F83C
:1020A000012084F8440074E7FF20FFF771FE6068A8
:1020B000002871D000F0A2FC074600BF01AA012150
:1020C000204600F0F9F900F099FCC01B41F288317C
:1020D00088420FD94FF0010841462046FFF780F8AB
:1020E000012084F8440000BF002084F8450000BFB0
:1020F00003204EE7019800F004000428DED182029C
:102100000021204600F012FB48B14FF00108414683
:102110002046FFF765F8012084F8440039E700F015
:102120006DFC074600BF01AA0121204600F0C4F95A
:1021300000F064FCC01B41F2883188420FD94FF097
:10214000010841462046FFF74BF8012084F844007F
:1021500000BF002084F8450000BF032019E7019864
:1021600000F020002028DED101AA1121204600F035
:10217000A3F948B14FF0010841462046FFF730F877
:10218000012084F8440004E7019800F4005020B1D5
:102190004FF40061E16002E00EE00021E16044F2F2
:1021A000100101980840884202D10021A1601EE080
:1021B0004FF48041A1601AE0E068C0F3CF00A1684D
:1021C000C1F34F0140EA01020021204600F0AEFABF
:1021D00048B14FF0010841462046FFF701F80120C1
:1021E00084F84400D5E640F6FF70FFF7D1FD414684
:1021F0002046FEF7F5FF012084F844000020C8E6E1
:10220000008793034438024004380140002D310117
:10221000C00E160200E1F50580D1F00810B586B0B9
:10222000044600BF00BF002000909E48006840F0B8
:1022300001009C4908600846006800F00100009019
:1022400000BF00BF00BF00BF00BF002000900846D5
:10225000006840F0010008600846006800F00100D6
:10226000009000BF00BF00BF00BF00BF0020009073
:102270000846006840F0010008600846006800F069
:102280000100009000BF00BF00BF00BF00BF0020E2
:1022900000900846006840F00400086008460068A6
:1022A00000F00400009000BF00BF00BF00BF00BFEF
:1022B000002000900846006840F0040008600846CE
:1022C000006800F00400009000BF00BF00BF00BF26
:1022D00000BF002000900846006840F0040008603D
:1022E0000846006800F00400009000BF00BF00BF77
:1022F00000BF00BF002000900846006840F040008A
:1023000008600846006800F04000009000BF00BF71
:1023100000BF00BF00BF002000900846006840F0EA
:10232000400008600846006800F04000009000BFD0
:1023300000BF00BF00BF00BF00200090084600683B
:1023400040F0400008600846006800F0400000903F
:1023500000BF00BF00BF00BF00BF002000900846C4
:10236000006840F4807008600846006800F48070DF
:10237000009000BF00BF00BF00BF00BF0020009062
:102380000846006840F0007008600846006800F0E9
:102390000070009000BF00BF00BF00200090084602
:1023A000006840F0806008600846006800F08060C7
:1023B000009000BF00BF00BF0020009008460068EA
:1023C00040F0006008600846006800F0006000907F
:1023D00000BF00BF00BF02200190029000200390C8
:1023E000032004900B20059001A92F4800F0E6F986
:1023F0000420019001A92C4800F0E0F98020019010
:1024000001A9294800F0DAF90220019001A9274822
:1024100000F0D4F91020019001A9244800F0CEF971
:102420002020019001A9214800F0C8F94FF4006074
:10243000019001A91E4800F0C1F94FF4005001902D
:1024400001A91B4800F0BAF94FF48040019001A99E
:10245000174800F0B3F908200190012002900020F5
:1024600003900320049001A9124800F0A7F900BFCF
:10247000002208210F4800F0B5FA00BF322002F018
:1024800017FA00BF012208210A4800F0ABFA00BF8A
:10249000002206213D2000F018FB3D2000F005FB46
:1024A00006B010BD30380240000002400008024073
:1024B00000180240000C02402DE9F04104460E468F
:1024C00017460025A84694F84400822802D102202D
:1024D000BDE8F081822084F844002068056905F099
:1024E0001C05208A4FF4784101EAC02005434811B9
:1024F00000EA8610054325F0020545F00105206835
:10250000056100F07BFA804612E000F077FAA0EB5C
:102510000800B0F5803F09D3012084F8440000BFD3
:10252000002084F8450000BF0320D1E7206805693A
:1025300005F001000028E8D12068406980B23860C9
:10254000012084F844000020C2E710B5044600BF13
:1025500094F84500012801D1022010BD012084F823
:10256000450000BF022084F844002046FEF796FF95
:102570002046FEF76BFF2046FEF7E4FD2046FEF7FF
:10258000C1FD2046FEF7A8FD012084F8440000BFED
:10259000002084F8450000BF00BFDEE710B5044608
:1025A00000BF94F84500012801D1022010BD012090
:1025B00084F8450000BF022084F844002046FEF75E
:1025C00096FD2046FEF77DFD2046FEF72BFF2046B8
:1025D000FEF7B8FD2046FEF74DFF012084F84400C9
:1025E00000BF002084F8450000BF00BFDEE770B5E3
:1025F000024600230025002400BF92F84500012870
:1026000001D1022070BD012082F8450000BF0220E8
:1026100082F8440049B9012082F8440000BF00203C
:1026200082F8450000BF0120ECE7D06A006800F0A6
:10263000004048B1122082F8440000BF002082F818
:10264000450000BF0120DDE740F2F450814208D987
:10265000B1FBF0F3B1FBF0F600FB161010B15B1C00
:1026600000E00123012B13D1D06A006840F04050F4
:10267000D66A3060C1F30C00D66A7060D06A006818
:1026800040F00040D66A3060D06AC068D06232E064
:1026900000242EE0D06A006820F04050D66A3060F6
:1026A0002CB9D06A006840F08050D66A306040F2A1
:1026B000F450D66A7060581EA04210D1D06A0068EB
:1026C00040F00050D66A3060581EC0EBC01000EBDE
:1026D0004000A1EB8005C5F30C00D66A7060D06A9B
:1026E000006840F00040D66A3060D06AC068D062AE
:1026F000641C9C42CED3106800F58050406900F005
:10270000040048B10426106800F580504661002698
:10271000106800F580504660012082F8440000BF38
:10272000002082F8450000BF00BF6BE72DE9F041B3
:1027300004460E4617460025A84694F84400422851
:1027400002D10220BDE8F081422084F844002068D4
:10275000056905F01C05208A4FF4784101EAC02084
:102760000543481100EA8610054345F0020545F08F
:102770000105B8B2216848612068056100F03EF9A2
:10278000804612E000F03AF9A0EB0800B0F5803F77
:1027900009D3012084F8440000BF002084F84500DC
:1027A00000BF0320CEE72068056905F0010000287E
:1027B000E8D1012084F844000020C3E7F8B50246C0
:1027C0000B460025002400200021DEE0012606FA49
:1027D00001F51E6806EA0504AC4275D11E7906F0C3
:1027E0000306012E04D01E7906F00306022E13D133
:1027F00090684F000326BE40B0434F00DE68BE40E5
:1028000030439060506801268E40B0431E79C6F375
:1028100000168E40304350601E7906F00306032EEA
:1028200009D0D0684F000326BE40B0434F009E68D9
:10283000BE403043D0601E7906F00306022E13D14D
:10284000CF0802F1200656F827004E07F70E0F2694
:10285000BE40B0434F07FF0E1E69BE403043CF0855
:1028600002F1200646F8270010684F000326BE40FC
:10287000B0431E7906F003064F00BE40304310609F
:102880005E6806F08056B6F1805F7DD100BF0026FD
:102890000096404E366846F480463E4F3E603E46C7
:1028A000366806F48046009600BF00BF3A4E8F0897
:1028B00056F827008E07370F0F26BE40B043374E1D
:1028C000B24202D1002624E05EE0354EB24201D190
:1028D00001261EE0334EB24201D1022619E0324EEB
:1028E000B24201D1032614E0304EB24201D1042697
:1028F0000FE02F4EB24201D105260AE02D4EB24222
:1029000001D1062605E02C4EB24201D1072600E097
:1029100008268F073F0FBE4030431F4E8F0846F8F2
:102920002700264E3068A0435E6806F48036B6F570
:10293000803F00D12043214E3060361D3068A043D7
:102940005E6806F40036B6F5003F00D120431B4E0A
:10295000361D3060361D3068A0435E6806F4801670
:10296000B6F5801F00D12043144E08363060361D66
:102970003068A0435E6806F40016B6F5001F00D16B
:1029800020430E4E0C363060491C1029FFF41EAF58
:10299000F8BD000044380240083801400000024001
:1029A0000004024000080240000C024000100240F7
:1029B0000014024000180240001C0240003C01408C
:1029C000024613690B400BB1012000E00020704764
:1029D00010B5426921EA020302EA010443EA044312
:1029E000836110BD0AB1816101E00B04836170470E
:1029F00001480068000C7047002004E001480068AE
:102A00007047000028000020034800680349097847
:102A10000844014908607047280000203000002069
:102A200010B50D48006840F400700B490860084676
:102A3000006840F4806008600846006840F48070D8
:102A40000860032000F080F80F2000F007F800F085
:102A50002BF8002010BD0000003C024070B5044679
:102A60000E4800784FF47A71B1FBF0F00C49096818
:102A7000B1FBF0F5284600F01DFC08B1012070BD47
:102A8000102C07D200222146501E00F01EF80548E7
:102A9000046001E00120F2E70020F0E730000020B0
:102AA000000000202C000020704701460846002846
:102AB00009DB00F01F0301229A4043099B0003F148
:102AC000E023C3F8002100BF70472DE9F05F804686
:102AD0000D461646002701F0EFF9074639462A460B
:102AE000334601F00700C0F1070ABAF1040F02D91A
:102AF0004FF0040A01E0C0F1070AD14600F1040AD0
:102B0000BAF1070F02D24FF0000A01E0A0F1030A68
:102B1000D4464FF0010A0AFA09FAAAF1010A0AEAB0
:102B2000020A0AFA0CFA4FF0010B0BFA0CFBABF19C
:102B3000010B0BEA030B4AEA0B042146404601F065
:102B4000C3F9BDE8F09F000000BF00F00702064B8C
:102B500019684FF6FF031940044B0B4343EA022167
:102B6000014B196000BF70470CED00E00000FA0552
:102B700070B504460D460CB9012070BD5848006878
:102B800000F00700A84209D255490D7008460068B8
:102B900000F00700A84201D00120EEE7207800F005
:102BA000020002281DD1207800F00400042805D17D
:102BB0004C48006840F4E0504A490860207800F032
:102BC0000800082805D14748006840F4604045499E
:102BD00008604448006820F0F000A16808434149BB
:102BE0000860207800F00100A8B36068012807D1D0
:102BF0003C4808380068C0F34040B8B90120BCE741
:102C00006068022802D06068032807D13548083878
:102C10000068C0F3406048B90120AEE73148083889
:102C20000068C0F3400008B90120A6E72D480068FD
:102C300020F00300616808432A490860FFF7DEFEC0
:102C4000064609E0FFF7DAFE801B41F28831884230
:102C500002D9032091E707E02248006800F00C0049
:102C60006168B0EB810FEDD11D48006800F00700EE
:102C7000A84209D91A490D700846006800F00700FB
:102C8000A84201D0012078E7207800F00400042851
:102C900007D11448006820F4E050E1680843114966
:102CA0000860207800F00800082808D10D48006866
:102CB00020F46040216940EAC1000A49086000F040
:102CC0003FF808490968C1F30311074A515CC8403D
:102CD0000649086006480068FFF7C0FE00204CE780
:102CE000003C024008380240507E010800000020ED
:102CF0002C00002001480068704700000000002000
:102D000000B5FFF7F7FF04490968C1F38221034AC0
:102D1000515CC84000BD000008380240607E0108D8
:102D200000B5FFF7E7FF04490968C1F34231034AE0
:102D3000515CC84000BD000008380240607E0108B8
:102D40002DE9F047002400250026A146254800680B
:102D500000F00C0020B1042805D008283AD105E085
:102D6000DFF8849039E0DFF8849036E01D48001FDA
:102D7000006800F03F041B48001F006800F480005A
:102D800078B11A481749091F0968C1F38811A0FBD7
:102D900001700146224600233846FDF77BFA0546BE
:102DA0000EE011480F49091F0968C1F38811A0FB03
:102DB00001700146224600233846FDF76BFA0546AE
:102DC0000848001F0068C0F30140401C4600B5FBE6
:102DD000F6F902E0DFF8109000BF00BF4846BDE8FA
:102DE000F0870000083802400024F40000127A0046
:102DF000F8B504460CB90120F8BD207800F00100B8
:102E0000002874D0F948006800F00C0004280DD0A8
:102E1000F648006800F00C00082813D1F348001FA2
:102E2000006800F48000B0F5800F0BD1EF4808383F
:102E30000068C0F34040002859D06068002856D18F
:102E40000120D9E700BF6068B0F5803F08D1E748AE
:102E50000838006840F48030E449083908601EE012
:102E60006068B0F5A02F0DD1E0480838006840F444
:102E70008020DE49083908600846006840F4803048
:102E800008600CE0D9480838006820F48030D74941
:102E9000083908600846006820F48020086000BFF8
:102EA000606890B1FFF7AAFD054606E0FFF7A6FDB2
:102EB000401B642801D903209EE7CC4808380068ED
:102EC000C0F340400028F1D011E0FFF797FD054620
:102ED00006E0FFF793FD401B642801D903208BE730
:102EE000C24808380068C0F340400028F1D120787B
:102EF00000F0020002285FD1BC48006800F00C001E
:102F000058B1BA48006800F00C0008281CD1B74836
:102F1000001F006800F48000B0B9B44808380068A9
:102F2000C0F3400020B1E068012801D0012063E730
:102F3000AE480838006820F0F800216940EAC10076
:102F4000AA490839086037E0E06800B30120A849C1
:102F50000860FFF753FD054606E0FFF74FFD401BF5
:102F6000022801D9032047E7A04808380068C0F3C9
:102F700040000028F1D09D480838006820F0F80093
:102F8000216940EAC10099490839086014E000202D
:102F900097490860FFF732FD054606E0FFF72EFD72
:102FA000401B022801D9032026E790480838006812
:102FB000C0F340000028F1D1207800F00800082874
:102FC0002CD16069A8B101208A490860FFF716FD7D
:102FD000054606E0FFF712FD401B022801D9032039
:102FE0000AE782486C300068C0F340000028F1D046
:102FF00014E000207F490860FFF700FD054606E069
:10300000FFF7FCFC401B022801D90320F4E67748B7
:103010006C300068C0F340000028F1D1207800F047
:103020000400042870D1002770483830006800F090
:10303000805090B900BF002000906C483830006884
:1030400040F080506949383108600846006800F057
:103050008050009000BF00BF01276748006800F45F
:103060008070B0B96448006840F4807062490860BC
:10307000FFF7C4FC054606E0FFF7C0FC401B022832
:1030800001D90320B8E65C48006800F4807000288D
:10309000F2D000BFA068012808D154486830006809
:1030A00040F001005149683108601DE0A068052822
:1030B0000DD14E486830006840F004004B4968313B
:1030C00008600846006840F0010008600CE04748CE
:1030D0006830006820F00100444968310860084603
:1030E000006820F00400086000BFA068A8B1FFF7E6
:1030F00085FC054609E0FFF781FC401B41F2883161
:10310000884202D9032077E626E038486830006814
:10311000C0F340000028EED013E0FFF76FFC054637
:1031200008E0FFF76BFC401B41F28831884201D96F
:10313000032061E62D4868300068C0F34000002895
:10314000EFD1012F07D129483830006820F0805096
:1031500026493831086000BFA069002845D02348BF
:10316000006800F00C0008285DD0A069022845D155
:1031700000201F490866FFF741FC054606E0FFF7FF
:103180003DFC401B022801D9032035E617480838CA
:103190000068C0F340600028F1D1D4E9070108437A
:1031A000616A40EA81110122A06AC2EB500041EA43
:1031B00000412C20005D41EA00600C49091F0860B5
:1031C00001200B490866FFF719FC054606E0FFF7EA
:1031D00015FC401B022801D903200DE603480838DE
:1031E0000068C0F340600028F1D049E00838024090
:1031F00000004742800E47420070004000202149F5
:103200000866FFF7FBFB054606E0FFF7F7FB401BF0
:10321000022801D90320EFE51B480068C0F3406095
:103220000028F2D12CE0A069012800D1E4E516487D
:10323000001D0668A069012820D006F48001E0691D
:1032400081421BD106F03F01206A814216D147F628
:10325000C0703040616AB0EB811F0FD106F440317D
:103260000122A06AC2EB5000B1EB004F06D106F07C
:1032700070612C20005DB1EB006F01D00120BBE537
:103280000020B9E50000474200380240042808D178
:103290004FF0E021096941F004014FF0E022116193
:1032A00007E04FF0E021096921F004014FF0E0222E
:1032B0001161704770B504462546681EB0F1807FE5
:1032C00001D301200FE0681E4FF0E02148610F217B
:1032D0004FF0FF3000F0F8FD00204FF0E021886152
:1032E00007200861002070BD10B504460CB901200C
:1032F00010BD94F83D0028B9002084F83C00204619
:1033000000F025F8022084F83D00211D206800F01F
:103310003BFB012084F8460000BF84F83E000121F9
:103320003F200155402001554120015500BF00BFFD
:10333000012084F8420043200155442001554520D6
:10334000015500BF012084F83D000020D0E7704700
:10335000014691F83D00012801D00120704702206C
:1033600081F83D000868C06840F001000B68D86033
:103370001A4B086898421BD00868B0F1804F17D0EC
:10338000174B0868984213D0164B086898420FD024
:10339000154B086898420BD0144B0868984207D028
:1033A000134B0868984203D0124B086898420CD11E
:1033B0000868806800F00702062A0CD008680068D8
:1033C00040F001000B68186005E00868006840F0F4
:1033D00001000B6818600020C0E7000000000140F9
:1033E0000004004000080040000C004000040140C0
:1033F0000040014000180040704770472DE9F84F29
:103400000446206805682068C668206847694FF050
:103410000009CA4605F00F09B9F1000F0AD105F0FD
:10342000200038B106F0200020B1204600F04DFB0E
:10343000BDE8F88FB9F1000F72D007F0010018B99C
:1034400006F4907000286BD005F0010030B106F44E
:10345000807018B1206C40F00100206405F0040079
:1034600030B107F0010018B1206C40F00200206478
:1034700005F0020030B107F0010018B1206C40F0F7
:103480000400206405F0080048B106F0200010B9DF
:1034900007F0010018B1206C40F008002064206C97
:1034A00070B305F0200028B106F0200010B12046CE
:1034B00000F00BFB20684069C0F3801A206C00F01C
:1034C000080010B9BAF1000F23D0204600F0D2FA5C
:1034D0002068406900F04000402816D1206840690B
:1034E00020F0400021684861A06B50B15648A16BA4
:1034F0000865A06BFEF737FC10B1A06B016D884723
:103500000CE02046FFF779FF08E02046FFF775FF43
:1035100004E02046FFF771FF0020206488E7FFE702
:10352000206B012879D105F01000002875D006F035
:103530001000002871D000BF0020009020680068B3
:10354000009020684068009000BF00BF206840697C
:1035500000F04000402839D1A06B006840681FFA95
:1035600080F8B8F1000F30D0A08D40452DDDA4F8D3
:103570002E80A06BC069B0F5807F1FD02068C06826
:1035800020F480702168C8602068406920F0010044
:10359000216848612068406920F040002168486146
:1035A000202084F83E00002020632068C06820F0BE
:1035B00010002168C860A06BFEF780FBA08DE28D33
:1035C000801A81B22046FFF717FF31E7A08DE18D09
:1035D000401A1FFA80F8E08DE8B1B8F1000F1AD058
:1035E0002068C06820F490702168C8602068406935
:1035F00020F0010021684861202084F83E0000206E
:1036000020632068C06820F010002168C86041462F
:103610002046FFF7F1FE0BE7FFE705F0800030B131
:1036200006F0800018B1204600F0E7FB00E705F047
:10363000400030B106F0400018B1204600F035FAE5
:10364000F6E600BFF4E60000613A000810B5044653
:103650000CB9012010BDA06900B100E000BF94F8D2
:103660003D0028B9002084F83C00204600F028F8EE
:10367000242084F83D002068C06820F400502168B0
:10368000C860204600F080FA2068006920F490406D
:10369000216808612068406920F02A00216848619B
:1036A0002068C06840F400502168C8600020206491
:1036B000202084F83D0084F83E000020CAE7000086
:1036C00010B586B004462E492068884255D100BF07
:1036D00000BF002000902B48006840F010002949EE
:1036E00008600846006800F01000009000BF00BFAE
:1036F00000BF00BF00BF00200090224814380068BF
:1037000040F001001F49143908600846006800F0C5
:103710000100009000BF00BF00BF00BF00BF00203D
:1037200000900846006840F0010008600846006804
:1037300000F00100009000BF00BF00BF48150190DD
:10374000022002900120039002200490072005909F
:1037500001A90D48FFF732F84FF48060019007206F
:10376000059001A90848FFF729F82520FFF79DF9E2
:10377000032211462520FFF7A8F906B010BD00006E
:1037800000100140443802400000024070B5044679
:103790000D46164694F83E00202816D105B10EB904
:1037A000012070BD00BF94F83C00012801D1022027
:1037B000F7E7012084F83C0000BF00202063324678
:1037C0002946204600F0F6FAEBE70220E9E7000080
:1037D00010B504462049206888423BD11F48008824
:1037E00000F4004088BB1D48008800F4804070B1A0
:1037F0001B4800780A2803D000201849088024E0DC
:103800001648008840F40040144908801DE0144820
:1038100000780D2806D11148008840F480400F49F7
:10382000088012E00E4800780C490988C1F30D01A8
:103830000C4A505409480088401C08490880084632
:103840000088C72801DD00200880012204490648BD
:10385000FFF79CFF10BD0000001001402400002075
:10386000260000204803002010040020704700BFFD
:10387000FEE700BFFEE7704700B587B000BF00203D
:1038800001902348006840F0020021490860084682
:10389000006800F00200019000BF00BF00BF0020E0
:1038A00001900846006840F004000860084600687F
:1038B00000F00400019000BF00BF2820029001200A
:1038C00003900220059002A91248FEF777FF04201A
:1038D0000290002003900220059002A90D48FEF7F7
:1038E0006DFF01200290002003900220059002A9A4
:1038F0000948FEF763FF4020029000200390022059
:10390000059002A90448FEF759FF07B000BD00006A
:1039100030380240000402400008024010B5FFF7B2
:1039200073F813F0D7FE012801D013F0A9F910BDE8
:103930000348006840F470000149086070470000C7
:1039400088ED00E010B50E480068C06800F0010086
:1039500078B10C4908698047002009490968486224
:1039600000BF642006490968C86264210448C16038
:1039700000BF6FF0010002490968086110BD000036
:1039800034060020AC00002010B50268294B984294
:103990000ED0B0F1804F0BD0274B984208D0274B68
:1039A000984205D0264B984202D0264B984203D12C
:1039B00022F070024B681A431E4B984220D0B0F19F
:1039C000804F1DD01C4B98421AD01C4B984217D0E8
:1039D0001B4B984214D01B4B984211D01A4B984263
:1039E0000ED01A4B98420BD0194B984208D0194B65
:1039F000984205D0184B984202D0184B984203D1F8
:103A000022F44072CB681A4322F080034C6943EAE7
:103A1000040202608B68C3620B688362054B9842A4
:103A200002D0084B984201D10B6903630123436123
:103A300010BD0000000001400004004000080040EC
:103A4000000C0040000401400040014000440140DF
:103A50000048014000180040001C004000200040C9
:103A600070B50546AC6B0020E085E0842046FFF78A
:103A7000C4FC70BD0168C96821F490710268D1600E
:103A80000168496921F0010102685161016B012956
:103A900005D10168C96821F010010268D1602021B8
:103AA00080F83E1000210163704710B5044620687D
:103AB000C06820F040002168C860202084F83D00E4
:103AC0002046FFF7D3FE002010BD70B5044694F8E1
:103AD0003E00222856D1A068B0F5805F0CD1206945
:103AE00050B90025A66A20684068C0F308003080FD
:103AF000A06A801CA06215E0A56A0026A068B0F547
:103B0000805F03D0A06828B9206918B92068406890
:103B1000287004E02068406800F07F002870A06AE8
:103B2000401CA062E08D401E80B2E08540BB206852
:103B3000C06820F020002168C8602068C06820F4B8
:103B400080702168C8602068406920F00100216809
:103B50004861202084F83E00206B01280AD12068AB
:103B6000C06820F010002168C860A18D2046FFF7D2
:103B700043FC02E02046FFF72BFE0020206370BDCF
:103B80000020FCE70220FAE72DE9F84F0446206800
:103B9000006920F44050E168084321680861216908
:103BA000A068084361690843E16908430090206800
:103BB000C06849F20C618843009908432168C860D5
:103BC0002068406920F44070A16908432168486179
:103BD00076492068884203D075492068884203D11D
:103BE000FFF79EF8814602E0FFF78AF88146E06918
:103BF000B0F5004F6CD102206168A0FB0150034674
:103C00001920A9FB007001462A463846FCF742FB02
:103C10006421B0FBF1F04FEA001A02206168A0FBBA
:103C200001510B461920A9FB00712A463846FCF7C2
:103C300031FB834602206168A0FB01500346192036
:103C4000A9FB00712A463846FCF724FB6421B0FB2F
:103C5000F1F000EBC00101EB0010ABEB8000322172
:103C600001EBC0006421B0FBF1F000F0F8000AEBBA
:103C7000400A02206168A0FB015003461920A9FBFD
:103C8000007001462A463846FCF704FB83460220B2
:103C90006168A0FB015003461920A9FB00712A4668
:103CA0003846FCF7F7FA6421B0FBF1F000EBC001F5
:103CB00001EB0010ABEB8000322101EBC00064216E
:103CC000B0FBF1F000F007005044216888606AE022
:103CD00004206168A0FB015003461920A9FB007075
:103CE00001462A463846FCF7D5FA82460420616828
:103CF000A0FB015003461920A9FB007001462A468B
:103D00003846FCF7C7FA6421B0FBF1F000EBC001C4
:103D100001EB0010AAEB8000322101EB00106421BE
:103D2000B0FBF1F000F0F00A04206168A0FB017024
:103D300003461920A9FB00513A462846FCF7AAFA87
:103D40006421B0FBF1F00AEB001A04206168A0FBCB
:103D500001510B461920A9FB00712A463846FCF791
:103D600099FA834604206168A0FB0150034619209C
:103D7000A9FB007001462A463846FCF78BFA6421FD
:103D8000B0FBF1F000EBC00101EB0010ABEB8000E9
:103D9000322101EB00106421B0FBF1F000F00F00C4
:103DA000504421688860BDE8F88F00000010014091
:103DB0000014014010B5034699629A85DA85002007
:103DC0001864222083F83E0000BF002083F83C00E6
:103DD00000BF1868C06840F480701C68E060186814
:103DE000406940F001001C6860611868C06840F0DC
:103DF00020001C68E060002010BD014691F83D00E5
:103E0000212828D18868B0F5805F0BD1086948B9AE
:103E10000A6A1088C0F308000B685860086A801CA2
:103E2000086205E00B6A581C086218780B68586035
:103E3000C88C401E80B2C88458B90868C06820F099
:103E400080000B68D8600868C06840F040000B68CC
:103E5000D860002070470220FCE7000010B502483F
:103E6000FFF7CCFA10BD00001004002000BFFEE7F1
:103E70000FB4054B10B503A9044A029800F014F9D9
:103E800010BC5DF814FB0000A9770008200000209A
:103E90000FB4084B10B504A902AA039800F004F966
:103EA000044602A9002000F082FC204610BC5DF808
:103EB00014FB0000AF47000802480068C0F302206E
:103EC000704700000CED00E010B5002804DB0A0785
:103ED000130E054A135406E00A07140E034A00F0B5
:103EE0000F031B1FD45410BD00E400E018ED00E0E8
:103EF0002DED020B019820F0004001909DED000B8C
:103F000002B0704702E008C8121F08C1002AFAD1A7
:103F100070477047002001E001C1121F002AFBD149
:103F2000704700002DE9FF5F82B00021DDE9043019
:103F3000020DDDF840B0034318D044F61050A2F251
:103F4000FF3242431514119801281FD0A5EB0B0036
:103F5000401C5FEA000A4FF000064E4FDFF8389130
:103F6000B046504615D5CAF1000413E0119801245B
:103F70004AA3012801D16FEA0B010298119AC0E906
:103F80000031C0E9024206B0BDE8F09FCBF100006D
:103F9000DFE704460021404A491842EB0450CDE9CE
:103FA000001012E0E00707D032463B464046494643
:103FB000FCF7A1FA8046894632463B461046194630
:103FC000FCF799FA06460F466410002CEAD1DDE9A9
:103FD0000401DDE90023BAF1000F06DAFCF78BFAE1
:103FE00042464B46FCF787FA05E0FCF7F6FA4246F4
:103FF0004B46FCF7F2FA04460E460022284BFCF72B
:10400000B5FC03D84FF0FF30014607E00022254BF6
:1040100020463146FCF7C8F9FCF78FFC102409E074
:10402000002C0ADB0A220023FCF734F9039B303210
:104030001A55641E50EA0102F2D1641C039AC4F1BD
:1040400011031444119A012A03D0012208430DD10F
:104050000AE0084304D000204FF0110B119072E7E2
:10406000A3EB0B056D1E0DE05B4504DD4FF0000278
:1040700005F1010504E003DA4FF00002A5F10105A6
:10408000002AECD002981199C0E90231C0E900453C
:1040900079E70000000014400000F03F300000000D
:1040A0000000F0430000E03F2DE9FF4F95B09A4635
:1040B000884606460025EEE1252877D100242746CC
:1040C000F94A0121039400E0044316F8013F203B24
:1040D00001FA03F01042F7D130782A2811D06FF09E
:1040E0002F033078A0F13002092A16D8039A44F041
:1040F000020402EB820203EB42021044761C03909E
:10410000EFE758F8042B0392002A03DA504244F4F4
:104110000054039044F00204761C30782E2816D107
:1041200016F8010F44F004042A280DD06FF02F0276
:104130003078A0F13003092B09D807EB870302EB95
:104140004303C718761CF3E758F8047B761C3078D5
:104150006C280FD006DC4C2817D068280DD06A28B0
:1041600014D104E0742810D07A280FD10DE044F463
:1041700000140AE044F4801401E044F4401472781E
:10418000824202D104F58014761C761C30786628B1
:104190000BD013DC582877D009DC002875D04528CF
:1041A000F6D04628F4D047281AD193E118E06328C6
:1041B00035D0642879D0652812D18BE1702873D06E
:1041C00008DC6728F1D069286FD06E280DD06F28E1
:1041D00006D1ACE073282CD0752874D0782853D041
:1041E0005246179990476D1C54E1C4F302500228BF
:1041F00009D003280DD0D8F8001004280DD00D6088
:1042000008F1040846E1D8F80010EA17C1E90052A5
:10421000F6E7D8F800100D80F2E70D70F0E718F817
:10422000041B8DF8001000208DF80100EB460120E2
:1042300003E058F804BB4FF0FF3061074FF0000176
:1042400002D40DE009F101018946B9420FDA814536
:10425000F8DB1BF809100029F4D108E009F101018D
:1042600089468142FADB1BF809100029F6D1039830
:104270005346A0EB090721463846179A00F080FA0A
:10428000284400EB090507E044E008E10DE01BF8D5
:10429000010B524617999047B9F10109F7D25346DD
:1042A00021463846179AF2E039E00A21C4F3025257
:1042B0004FF0000B0091022A06D058F8040BC117EA
:1042C000032A09D00AE023E008F1070020F00702E2
:1042D000F2E80201904605E000B2C117042A01D1BC
:1042E00040B2C117002906DA0A460021404261EBBC
:1042F00002012D2202E0220504D52B228DF8042094
:10430000012203E0E20701D02022F7E7914657E0BF
:104310000A2100E010214FF0000B00910BE010216A
:104320004FF0000B44F004040827009103E008203C
:104330004FF0000B0090C4F30252022A05D058F847
:10434000040B0021032A08D008E008F1070020F040
:104350000702F2E80201904603E080B2042A00D18D
:10436000C0B24FF0000922072AD53278702A07D050
:10437000DDF800C08CF0100C5CEA0B0C05D00EE0F0
:1043800040228DF80420012208E050EA010306D003
:1043900030238DF804308DF8052002229146009BD1
:1043A00083F0080353EA0B030AD150EA010201D15A
:1043B000620705D530228DF804204FF001097F1ED9
:1043C0003278582A04D039A20C920CAA02920BE03F
:1043D0003BA2F9E75B46009AFBF75CFF0C9B9B5CFA
:1043E000029A521E0292137050EA0102F2D1029810
:1043F00004A9081A00F1200B600702D524F48034C8
:1044000000E001275F4502DDA7EB0B0000E0002084
:1044100000EB0B01009003984944401A0390E0031D
:1044200006D453462146179A039800F0A9F905448B
:10443000002706E001A85246C05D179990476D1C01
:104440007F1C4F45F6DBE0030CD553462146179AF7
:10445000039800F095F9054404E03020524617997E
:1044600090476D1C0099481E00900029F5DC08E07B
:104470000298029952460078491C02911799904778
:104480006D1CBBF10001ABF1010BF1DC5BE100F055
:1044900065F90544761C307800287FF40DAE19B01C
:1044A0002846BDE8F08F0000092801003031323382
:1044B0003435363738396162636465660000000060
:1044C000303132333435363738394142434445464A
:1044D00000000000600700D4062708F1070020F064
:1044E0000700F0E80223804603F0004C5FEA0C006E
:1044F00001D097A009E0200501D596A005E0E007CE
:1045000001D095A001E0AFF24C001390307823F079
:10451000004365280CD006DC452809D046281DD06C
:1045200047287FD13BE0662818D067287AD136E04B
:104530000021112F01DB112000E0781CCDE90001E2
:1045400004A90CA8FFF7EEFCDDE90D010C9A4FF071
:10455000000B07F10109109200914EE04FF000406E
:104560000097CDE9011004A90CA8FFF7DBFCDDE9F9
:104570000D020C9B0F994FF0000B91461093009287
:1045800011B9791C00EB0109B7EB090003D4C0F1A4
:10459000FF3B07F10109A9EB0700019042E0012F61
:1045A00000DA01270021112F01DD112000E038463B
:1045B000CDE9000104A90CA8FFF7B4FCDDE90D0169
:1045C0000C9A00914FF0000BB946109221070FD4BE
:1045D000009A4A4503DA914601E0A9F10109B9F1CF
:1045E000010F05DD109AA9F10101515C3029F4D0C9
:1045F000B84202DA10F1040F03DA0121CDE901100B
:1046000010E0002803DC8344A9EB000102E0411C18
:10461000494500DD8946A0EB0B00401C01904FF09E
:1046200000400290200705D40198484502DB4FF076
:10463000FF30019000208DF84B0002980DF14B07E0
:10464000B0F1004F25D002200C902B200D90029845
:1046500000280CDA404202902D200D9007E00A213C
:104660000298FCF78FF83031029007F8011D0C9981
:10467000481E0C900029F2DC02980028EFD1791E28
:104680000D980870307800F0200040F0450007F8E1
:10469000020D11A8C01BC01D02901398007800B134
:1046A000012000EB0901019801EBE071029801443F
:1046B0000398401A401E0390E00306D45346214657
:1046C000179A039800F05CF805441398007818B125
:1046D0005246179990476D1CE00323D55346214657
:1046E000179A039800F04CF805441BE0BBF1000F4B
:1046F00007DB0098584504DD1098179910F80B0057
:1047000001E0179930205246904701980BF1010BB8
:10471000401E05F10105019004D12E205246179943
:1047200090476D1CB9F10001A9F10109DEDC05E03B
:1047300017F8010B5246179990476D1C0299481EB5
:1047400002900029F4DC53462146179A03989EE60E
:104750002D0000002B000000200000002DE9F0419A
:10476000044600251E461746880404D405E0394651
:104770002020B0476D1C641EF9D52846BDE8F081A5
:104780002DE9F041044600251E469046C80301D598
:10479000302700E02027880404D505E0414638464C
:1047A000B0476D1C641EF9D52846BDE8F0810A6843
:1047B000531C0B60107070472DED028B00BF002062
:1047C000FCF79CFA0120FCF72FFC0020FCF7F8FB1B
:1047D0000020FCF721F9FCF7CDFA48E0002412E0B4
:1047E0002046FCF719F9FCF7ADF91CB92048FCF795
:1047F000A1FA06E0611E1E4A1C3A02EB8100FCF79A
:1048000099FA601CC4B2082CEADB00242AE061009B
:10481000174A1C3A32F81100FCF7A6F9B0EE408AAC
:10482000F0EE608A51EC180BFBF790FF114A42F84A
:104830003400012101EB44010D4A1C3A32F8110009
:10484000FCF792F9B0EE408AF0EE608A51EC180B5A
:10485000FBF77CFF012101EB4401064A42F82100ED
:10486000601CC4B2082CD2DB322011F071FEB5E717
:10487000F0050020F405002070B504460420FEF782
:1048800005FD0A48046025464FF47A7045434FF011
:10489000E020006940F002004FF0E0210861084686
:1048A0004561006940F00100086170BD1C000020F6
:1048B00030B50446002504E04FF47A7000F004F8A7
:1048C0006D1CA542F8D330BD70B5034600224FF0F1
:1048D000E02675690D4E366803FB06F44FF0E026BE
:1048E000B16910E04FF0E026B06988420BD08842F1
:1048F00002D20E1A324402E02E1A0E44324401460D
:10490000A24200D300E0EDE700BF70BD1C00002014
:1049100070B505460E4600BF2DB900BF0CA0FFF7CD
:10492000A7FA00BF70BD00BF6C6A00BF00BF6CB1CA
:10493000607908280AD100BF00BF3068E169884269
:1049400004D100BF00BF284600F01CFA00BFE9E711
:104950006E6574696620213D204E554C4C00000068
:104960007CB5064600BF2EB900BF44A0FFF780FA11
:1049700000BF7CBD00BF746A00BF2CB900BF46A059
:10498000FFF776FA00BFF4E700BF00BF00BF0020CA
:104990006082A06A401C90B100BF00BFA06A1E30B8
:1049A0003C21B0FBF1F5B5F5803F01D34FF6FF7523
:1049B000A582A08A08B90120A08200BF00BFE06ADA
:1049C000401CA0B100BF00BFE06A1E303C21B0FB1C
:1049D000F1F5B5F5803F01D34FF6FF75658160892C
:1049E00008B90120608100BF00BF6089E081206BB1
:1049F000401CA0B100BF00BF206B1E303C21B0FBAB
:104A0000F1F5B5F5803F01D34FF6FF75A581A0897B
:104A100008B90120A08100BF00BFA0892082608961
:104A2000A189884204DBA089002801DD0020608183
:104A3000E07910B1206A01900FE0207F7F2802DC2E
:104A4000FF21019108E0C02803DB6FF07F41019155
:104A500002E04FF6FF71019100BF606A009000BF55
:104A600000BF0A21204601F00FFA6B4601AA04F1AB
:104A70001C01304606F0FCFD00BF7AE764686370F5
:104A80005F62696E643A206E6574696620213D201C
:104A90004E554C4C00000000646863705F62696EA4
:104AA000643A206468637020213D204E554C4C00D0
:104AB0002DE9F0410646746A00BF00BF0821204678
:104AC00001F0E2F9002204F11C01304602F0D6F9AF
:104AD00005460DB100BF00BFA079FF2802DAA0791A
:104AE000401CA0714FF4FA7707F2F310394690FB9F
:104AF000F1F0208100BF00BFBDE8F08170B500BFBC
:104B000000BF1B4805682FE06C6AFCB16079E8B112
:104B1000A08A78B1608A401C80B26082A18A8842F3
:104B200008D100BF00BF284600F0D8FF284601F09A
:104B3000B3F918E0208A50B1218A481E2082012949
:104B400005D100BF00BF284601F063FA0BE0E08901
:104B500048B1E189481EE081012904D100BF00BFAE
:104B6000284601F031FA2D68002DCDD170BD00002E
:104B7000280200202DE9F05F07460D4616469A46AA
:104B800000BF3FB900BF44A0FFF772F900BF00208B
:104B9000BDE8F09F00BF00BF35B900BF46A0FFF7DA
:104BA00067F900BF0020F3E700BF4FF420724FF415
:104BB0009A71362006F0B6FE8146B9F1000F03D196
:104BC00000BF00BF0020E3E700BFB9F80A00B0F55E
:104BD0009A7F04D200BF40A0FFF74AF900BF00BF90
:104BE000032E02D16879032808D1A87918B9FBF7F8
:104BF00083FB4949086048480068286000BF00BF3F
:104C0000D9F804404FF49A712046FBF7AEFB01201F
:104C10002070607097F83000A070286804F058FB8E
:104C20006060082E0BD0042E09D0072E07D0032E6B
:104C300007D16879052802D06879042801D17868FD
:104C4000E0604FF000080BE007F12A0010F80810B0
:104C500004F11C0000F8081008F101001FFA80F8A8
:104C6000B8F1060FF0D32D48C4F8EC00012335222B
:104C700004F1F001002000F0B1FA8346324604F15D
:104C8000F001584600F0C8FA8346BAF1000F01D08F
:104C9000AAF800B048467BE7646863705F6372659A
:104CA0006174655F6D73673A206E65746966202173
:104CB0003D204E554C4C0000646863705F63726524
:104CC0006174655F6D73673A206468637020213D8D
:104CD000204E554C4C000000646863705F63726541
:104CE0006174655F6D73673A20636865636B2074F8
:104CF00068617420666972737420706275662063DF
:104D0000616E20686F6C64207374727563742064C4
:104D10006863705F6D7367009C0200206382536359
:104D200010B500BF0C480078002804DC00BF0BA0C1
:104D3000FFF79EF800BF00BF07480078401E0649F5
:104D400008700846007830B90D4800680FF0EEFD95
:104D500000200B49086010BD980200206468637051
:104D60005F7063625F726566636F756E7428293A5F
:104D700020726566636F756E74206572726F720063
:104D8000940200202DE9FE4F0646746A00BF00BF62
:104D90000C21204601F078F802AB0422214630466F
:104DA000FFF7E8FE054675B3D5F8048004233222E8
:104DB00008F1F001BDF8080000F010FA0290E06977
:104DC00004F086FA8246524608F1F001BDF8080068
:104DD00000F052FA02902A4608F1F001BDF80800EE
:104DE00000F0C6FA14484323144A2946CDE900606E
:104DF000134800680FF008FF0746284607F068F9D7
:104E000000BF00BF04E0FFE700BF00BF4FF0FF3767
:104E1000A079FF2802DAA079401CA07142F2107933
:104E200009F2F3104FF4FA7190FBF1F0208100BF0A
:104E300000BF3846BDE8FE8F2C8001083080010895
:104E4000940200202DE9FE4F07467C6A4FF0000ACD
:104E500000BF00BF0020E0610621204601F014F8E9
:104E600002AB012221463846FFF784FE0546002D9D
:104E70004AD06E6800BF00BF0223392206F1F0015C
:104E8000BDF8080000F0AAF902903A8D06F1F00191
:104E9000BDF8080000F034FA02900423372206F12E
:104EA000F001BDF8080000F099F90290D0460DE03D
:104EB000274810F8082006F1F001BDF8080000F0BE
:104EC000ABF9029008F1010000F0FF08B8F1040FFF
:104ED000EED32A4606F1F001BDF8080000F048FACA
:104EE00000BF00BF1B4843231B4A2946CDE9007081
:104EF0001A4800680FF088FE00BF00BF284607F080
:104F0000E7F800BF00BF01E000BF00BFA079FF28A5
:104F100002DAA079401CA071A079062803DAA179F1
:104F20000120884000E03C2000EB4001C1EBC010B4
:104F30004FF6FF7101EAC00909F2F3104FF4FA715C
:104F400090FBF1F0208100BF00BF5046BDE8FE8F0E
:104F5000900200202C80010830800108940200207B
:104F600070B50D48056814E06C6A8CB12089012881
:104F700003DD2089401E20810AE02089012807D115
:104F80002089401E208100BF00BF284601F069F83B
:104F90002D68002DE8D170BD28020020F8B5064626
:104FA0000F46746A0020206260622648C07810B103
:104FB0002548C068A0622348007918B122480069DA
:104FC000E06202E0A06A4008E0621E48407918B141
:104FD0001D484069206304E0A06AC0EBC000C0081F
:104FE00020633869E0611748807938B116498869CB
:104FF00004F06EF920620120E07101E00020E07110
:105000001048C07920B11049C86904F061F96062A4
:1050100000250DE005F108010B4A52F8210004F0CB
:1050200057F900906946284601F07CFA681CC5B221
:10503000022D05DA05F108000249085C0028E9D1D3
:10504000F8BD0000586401203064012070B50446AA
:10505000656A00BF00BF0C21284600F015FF054B14
:105060001A461146204606F003FB2046FFF7EAFEEB
:1050700070BD00002C80010870B505460E466C6AB4
:1050800000BF00BF0B48807880B1002020810A4912
:10509000886804F01DF9A06100BF00BF3069E061BD
:1050A00000BF00BF284600F009FE01E000BF00BFBE
:1050B00070BD0000586401203064012010B51C4808
:1050C000007800282DD100BF1A48006820B100BF29
:1050D00019A0FEF7CDFE00BF00BF0FF0C7FB1549BA
:1050E00008600846006810B94FF0FF3010BD114845
:1050F0000068407A40F020000E4909684872442256
:1051000017490C4800680FF03DF94322144909483B
:1051100000680FF0ABF900221249064800680FF052
:10512000E7FB03480078401C014908700020DDE7D8
:105130009802002094020020646863705F696E63C7
:105140005F7063625F726566636F756E7428293A7B
:10515000206D656D6F7279206C65616B00000000D9
:105160002C8001088159000870B505466C6A04B9A5
:1051700070BD6079042809D003DC80B103280FD109
:1051800007E0052803D00A280AD101E000BF00BFCC
:1051900000BF0020A071284600F05EFB10E00FE089
:1051A00000BF60790C2804DD00BF07A0FEF760FE99
:1051B00000BF00BF0020A0712846FFF743FE00BFDC
:1051C00000BF00BFD4E70000696E76616C6964209F
:1051D000646863702D3E7374617465002DE9F0415D
:1051E00004460D4617461E4600BFA01C3044442806
:1051F00004D900BF0748FEF73BFE00BF00BF2046B2
:10520000611C8CB22F542046611C8CB22E54204657
:10521000BDE8F0810883010870B504460D461646C6
:1052200000BF442C04D300BF05A0FEF721FE00BF41
:1052300000BF2046611C8CB22E54204670BD000079
:10524000646863705F6F7074696F6E5F62797465B4
:105250003A206F7074696F6E735F6F75745F6C6501
:105260006E203C20444843505F4F5054494F4E53AA
:105270005F4C454E0000000070B504460D461646D2
:1052800000BF201D442804D900BF0EA0FEF7F0FD8A
:1052900000BF00BF320E2046611C8CB22A54C6F3F8
:1052A00007422046611C8CB22A54C6F307222046CE
:1052B000611C8CB22A542046611C8CB22E542046AC
:1052C00070BD0000646863705F6F7074696F6E5FBB
:1052D0006C6F6E673A206F7074696F6E735F6F7575
:1052E000745F6C656E202B2034203C3D2044484385
:1052F000505F4F5054494F4E535F4C454E00000095
:1053000070B504460D46164600BFA01C442804D9BB
:1053100000BF08A0FEF7ACFD00BF00BF320A204668
:10532000611C8CB22A542046611C8CB22E5420463B
:1053300070BD0000646863705F6F7074696F6E5F4A
:1053400073686F72743A206F7074696F6E735F6FF9
:1053500075745F6C656E202B2032203C3D204448E4
:1053600043505F4F5054494F4E535F4C454E0000E1
:1053700070B504460D461646FF222046611C8CB2CD
:105380002A5404E000222046611C8CB22A54442C8A
:1053900002D304F0030008B1442CF3D304F1F0006D
:1053A00081B2304606F06EFF70BD00002DE9F04F6F
:1053B0008BB081460020069005900A21DE48FAF75E
:1053C000D4FFB9F80A002C2804D26FF001000BB00A
:1053D000BDE8F08FD9F8040004904FF0F00AB9F856
:1053E0000800079000BF4C46CDF820A00AE0608975
:1053F000AAEB00001FFA80FA61890798401A80B270
:105400000790246814B160895045F0DD14B96FF03D
:105410000100DCE756460798099060680A9050E161
:105420000A98805D039000274FF0FF38B01C1FFAE8
:1054300080FBB34501DAB81EC9E76189701C81425F
:1054400003DD711C0A98455C07E0206818B12068EC
:105450004068007800E0002005462F460398342875
:1054600054D00BDC032820D003DC80B101286FD19D
:1054700011E0062824D033286AD13DE0352857D0E2
:1054800036285FD03A2868D03B287AD16FE00020D8
:10549000054607467BE000BF042D02D06FF00500F3
:1054A00095E700BF4FF0060871E0042700BFBD423A
:1054B00002DA6FF005008AE700BF4FF0070866E0E8
:1054C00000BFE91705EB91718910A5EB810111B1BE
:1054D0006FF005007BE700BF082D01DA284600E0E9
:1054E0000820074600BFBD4202DA6FF005006EE7F4
:1054F00000BF4FF008084AE000BF042D02D06FF053
:10550000050064E700BF4FF0030840E000BF012D35
:1055100002D06FF005005AE700BF00BF0898F028DE
:1055200002D06FF0050052E700BF4FF000082EE0F8
:1055300000BF012D02D06FF0050048E700BF4FF01B
:10554000010824E000BF042D03D06FF005003EE702
:1055500017E000BF4FF0020819E000BF042D02D091
:105560006FF0050033E700BF4FF004080FE000BF05
:10557000042D02D06FF0050029E700BF4FF00508A9
:1055800005E0002700BF00BF00BF00BF00BF00BF95
:10559000039810B9701C86B277E07019801CB0F5C2
:1055A000803F02DB6FF0010011E77019801C86B2AA
:1055B000002F6ADD0020029000BF00BFB8F1000F8D
:1055C00002DBB8F10A0F04DB00BF5CA0FEF750FC61
:1055D00000BF00BF584810F80800B0BB042F01DA24
:1055E000384600E0042001905B4602A92046019A5B
:1055F00006F0DEFB01460198814202D06FF0010007
:10560000E5E6042F27DD00BFF91707EB917189103C
:10561000A7EB810111B16FF00500D8E600BF0120B2
:10562000454901F80800029803F052FE484941F844
:105630002800381FC7B20BF1040080B20090009818
:10564000584503DA6FF00100C1E61DE0DDF800B057
:1056500008F10108B1E7042F04D1029803F038FEE5
:10566000029009E000BF012F02D06FF00500AEE606
:1056700000BF9DF80800029001202F4901F80800A2
:105680003349029841F8280000BF6089B04217DC16
:105690006089301A86B261890998401A80B20990EF
:1056A0000998864209DA246800BF14B96FF0050032
:1056B0008DE600BF60680A9002E06FF0010086E6A8
:1056C00000BF3CB10998864204DA0A98805DFF2841
:1056D0007FF4A6AE18480078D0B11D4908680021B3
:1056E000154A1170012803D10121069100BF0EE077
:1056F000022803D10121059100BF08E0032804D14D
:1057000001210591069100BF01E000BF00BF00BF6D
:10571000069830B1002006904FF06C0AEC200790FC
:1057200061E6059830B1002005904FF02C0A6C20FE
:10573000079058E600204AE65864012063686563D4
:105740006B206465636F64655F69647800000000C6
:10575000306401202DE9FC4707467C6A00BF00BF8A
:105760000421204600F090FB01AB0322214638467D
:10577000FFF700FA0546002D44D06E680223392257
:1057800006F1F001BDF80400FFF728FD01903A8D05
:1057900006F1F001BDF80400FFF7B2FD019004230B
:1057A000372206F1F001BDF80400FFF717FD019064
:1057B0004FF000080DE0254810F8082006F1F00130
:1057C000BDF80400FFF728FD019008F1010000F08A
:1057D000FF08B8F1040FEED32A4606F1F001BDF838
:1057E0000400FFF7C5FD4323194A294619480097CD
:1057F00000680FF07BF98146284606F069FC00BF7F
:1058000000BF03E000BF00BF4FF0FF39A079FF28C1
:1058100002DAA079401CA071A0790A2805DAA079E3
:105820004FF47A7110FB01F001E042F210701FFAA0
:1058300080FA0AF2F3104FF4FA7190FBF1F0208134
:1058400000BF00BF4846BDE8FC8700009002002072
:1058500030800108940200202DE9FC5F8046D8F8D2
:10586000244000BF00BF0321204600F00DFB01AB28
:10587000032221464046FFF77DF90646002E56D00A
:1058800075680223392205F1F001BDF80400FFF725
:10589000A5FC01904FF4107205F1F001BDF8040071
:1058A000FFF72EFD01900423322205F1F001BDF82F
:1058B0000400FFF793FC0190E06903F009FD8346C3
:1058C0005A4605F1F001BDF80400FFF7D5FC019040
:1058D0000423372205F1F001BDF80400FFF77EFC38
:1058E000019000270AE02348C25D05F1F001BDF8F0
:1058F0000400FFF791FC0190781CC7B2042FF2D38B
:10590000324605F1F001BDF80400FFF731FD4323F5
:10591000194A31461948CDF8008000680FF0E6F8C2
:105920008146304606F0D4FB00BF00BF03E000BF55
:1059300000BF4FF0FF39A079FF2802DAA079401CA0
:10594000A071A0790A2805DAA0794FF47A7110FBCA
:1059500001F001E042F210701FFA80FA0AF2F3102F
:105960004FF4FA7190FBF1F0208100BF00BF484670
:10597000BDE8FC9F900200203080010894020020C6
:105980002DE9F05F1646DDF828B0514847687C6A7B
:10599000D6F804900CB1207900B994E000BF00BFA4
:1059A00000BF00BF00BF00BF00BF00BF70892C2830
:1059B00002DA00BF00BF86E099F80000022802D09A
:1059C00000BF00BF7FE000250CE007F12A00415D29
:1059D00009F11C00405D814202D000BF00BF72E0AF
:1059E000681CC5B297F83000A84201DD062DECD343
:1059F000D9F8040003F06CFC2168884202D000BF93
:105A000000BF60E021463046FFF7D0FC10B100BF78
:105A100000BF58E000BF00BF2E48407810B900BF5B
:105A200000BF50E0D6F804A02B4890F80480B8F1ED
:105A3000050F26D100BF00BF6079012810D1514663
:105A40003846FFF7ABFA97F8310000F0080018B1BC
:105A50003846FFF72DF835E03846FEF781FF31E094
:105A60006079032805D06079042802D06079052880
:105A700028D151463846FFF791FA3846FEF770FFB5
:105A800020E0B8F1060F11D16079032808D06079C1
:105A9000012805D06079042802D06079052805D155
:105AA00000BF00BF3846FFF7D1FA0BE0B8F1020F94
:105AB00008D16079062805D100BF00BF514638469D
:105AC000FFF7DAFA00BF304606F002FBBDE8F09FB0
:105AD0004075002058640120306401202DE9FE4308
:105AE0000646746A00BF00BF0CB9BDE8FE8360794A
:105AF00000B9FAE7A06902900020A061E06120628D
:105B000060622063E062A062A08260822082E08105
:105B1000304600F045FA00283FD00021204600F032
:105B2000B3F901AB072221463046FFF723F80546BB
:105B300055B36F680423362207F1F001BDF8040065
:105B4000FFF74CFB0190029803F0C2FB80464246EF
:105B500007F1F001BDF80400FFF78EFB01902A4623
:105B600007F1F001BDF80400FFF702FC432302AA8D
:105B700029461048009600680EF0B8FF284606F047
:105B8000A7FA00BF00BF01E000BF00BF0A4B1A46E2
:105B90001146304605F06CFD03E00021204600F080
:105BA00073F9207918B1FFF7BBF80020207100BF0E
:105BB0009BE70000940200202C8001082DE9FC479F
:105BC00007467C6A00BF00BF0521204600F05CF953
:105BD00001AB032221463846FEF7CCFF0546002DD7
:105BE00045D06E680223392206F1F001BDF80400A9
:105BF000FFF7F4FA01903A8D06F1F001BDF80400C8
:105C0000FFF77EFB01900423372206F1F001BDF877
:105C10000400FFF7E3FA01904FF000080DE025487B
:105C200010F8082006F1F001BDF80400FFF7F4FABF
:105C3000019008F1010000F0FF08B8F1040FEED365
:105C40002A4606F1F001BDF80400FFF791FB43235B
:105C500004F1180229461848009700680EF046FF24
:105C60008146284606F034FA00BF00BF03E000BFBB
:105C700000BF4FF0FF39A079FF2802DAA079401C5D
:105C8000A071A0790A2805DAA0794FF4FA6110FB17
:105C900001F001E044F620601FFA80FA0AF2F310E6
:105CA0004FF4FA7190FBF1F0208100BF00BF48462D
:105CB000BDE8FC8790020020940200202DE9FE4FF1
:105CC000074600BF47B900BF5DA0FEF7D1F800BF8F
:105CD0006FF00F00BDE8FE8F00BF7C6A00BF3CB9CB
:105CE00000BF5EA0FEF7C4F800BF6FF00500F1E74B
:105CF00000BF00BF00BF0121204600F0C5F802AB85
:105D0000032221463846FEF735FF0646002E71D0A5
:105D100075680223392205F1F001BDF80800FFF78C
:105D20005DFA02903A8D05F1F001BDF80800FFF729
:105D3000E7FA02900423322205F1F001BDF80800D1
:105D4000FFF74CFA0290E06903F0C2FA83465A4624
:105D500005F1F001BDF80800FFF78EFA0290042368
:105D6000362205F1F001BDF80800FFF737FA02907E
:105D7000A06903F0ADFA83465A4605F1F001BDF87B
:105D80000800FFF779FA02900423372205F1F001A9
:105D9000BDF80800FFF722FA02904FF000080DE06E
:105DA000354810F8082005F1F001BDF80800FFF7AC
:105DB00033FA029008F1010000F0FF08B8F1040F77
:105DC000EED3324605F1F001BDF80800FFF7D0FA36
:105DD0002A4843232A4A3146CDE900702948006801
:105DE0000EF012FF8146304606F072F900BF00BF88
:105DF00004E0FFE700BF00BF4FF0FF39A079FF28A4
:105E000002DAA079401CA071A079062803DAA179F2
:105E10000120884000E03C2000EB4001C1EBC010B5
:105E20004FF6FF7101EAC00A0AF2F3104FF4FA715B
:105E300090FBF1F0208100BF00BF48464AE7000018
:105E4000646863705F73656C6563743A206E657433
:105E5000696620213D204E554C4C000064686370FB
:105E60005F73656C6563743A206468637020213DDC
:105E7000204E554C4C000000900200202C80010860
:105E8000308001089402002042798A4203D0417197
:105E9000002282710281704770B5044600BF3CB990
:105EA00000BF2FA0FDF7E4FF00BF6FF00F0070BD33
:105EB00000BF00BF94F8310000F0010038B900BF06
:105EC0002BA0FDF7D5FF00BF6FF00F00EFE700BF7D
:105ED000656A00BF00BF208DB0F5107F04DA00BFF7
:105EE00000BF4FF0FF30E2E775B900BF00BF3420BC
:105EF00004F07AFC054625B900BF00BF4FF0FF3023
:105F0000D5E7656200BF05E000BF00BF287908B192
:105F1000FEF706FF34212846FAF727FA00BF00BF34
:105F2000FFF7CCF810B14FF0FF30C0E70120287127
:105F300094F83100C0F3800028B902212846FFF709
:105F4000A3FF0020B3E72046FEF77CFF06462EB1F4
:105F50002046FFF7C3FD4FF0FF30A8E73046A6E725
:105F60006E6574696620213D204E554C4C00000042
:105F70006E65746966206973206E6F742075702C6D
:105F8000206F6C64207374796C6520706F72743F3D
:105F90000000000010B504462046FFF79FFD10BD2D
:105FA000014679B1486A68B14A6A50790A2805D031
:105FB0005079052802D05079042801D1012070477A
:105FC0000020FCE70020FAE770B505466C6A00BFC8
:105FD00000BF6079012805D060790A2802D0607975
:105FE000052815D100BF00BF2846FFF7E7FDA189AE
:105FF000628A881A00EBD0710122B2EB610F07DCD4
:10600000A189628A881A00EBD071C1F34F01E18146
:1060100070BD70B505466C6A00BF00BF607901288D
:1060200008D060790A2805D06079052802D0607907
:10603000042815D100BF00BF2846FFF78BFBA18ABB
:10604000628A881A00EBD0710122B2EB610F07DC83
:10605000A18A628A881A00EBD071C1F34F012182B4
:1060600070BD70B505466C6A00BF00BF60790C2832
:1060700002D06079062805D100BF00BF2846FEF790
:10608000E1FE31E06079012811D100BF00BFA079A5
:10609000052803DC2846FFF711FE25E000BF00BFFE
:1060A0002846FFF71BFD2846FFF7F6FE1CE0607947
:1060B00008280CD100BF00BFA079012803DC2846C6
:1060C000FEF7F6FC10E02846FEF74AFC0CE060798B
:1060D000032809D1A079022803DA2846FFF7BCFB80
:1060E00002E02846FEF7AEFE70BD0000014600202B
:1060F00051B1CA7A521C022A06DACA7A521C034BE0
:1061000053F8222002B1012070470000D80100207E
:106110002DE9F04105460E46002428E004EB44003A
:106120003A4951F8200000B304EB440001EB800031
:10613000007AA84219D104EB4401344F07EB8101E6
:106140004A6805EB0511324F07EB011101F1100010
:1061500004EB44012D4F57F8213031469847002079
:1061600004EB44013A4642F82100601CC4B2042CFE
:10617000D4DB002421E0AC4200D11CE004EB04108D
:10618000234901EB0010807A022813D104EB04109C
:1061900001EB0010C07B05EB05111D4A02EB01115C
:1061A000C97B884206D1042005EB051102EB0111E1
:1061B000C87304E000BF601CC4B2042CDBDB00BF6A
:1061C00005EB0510124901EB0010C07B04281BDA17
:1061D00005EB05110E4A02EB0111C97B0D4A52F87D
:1061E00021000EF0A3FB002005EB0511084A02EB8D
:1061F0000111C97B074A42F82100042005EB051173
:10620000034A02EB0111C873BDE8F081107500204C
:10621000D0700020C070002010B5002404E020469B
:1062200000F006F8601CC4B2042CF8DB10BD0000BE
:1062300070B5064606EB0610344901EB001400BFAA
:10624000042E04DB00BF32A0FDF712FE00BF00BF2A
:10625000A07A00284ED0012804D0022815D00328A7
:1062600049D13CE000F072F820810220A0720020A9
:10627000E0720120207300206073304600F08EF839
:1062800005460DB100BF00BF3DE0207B401EC0B2FF
:10629000207318BB607B401CC0B26073042814D10B
:1062A0002046FFF723FF38B1E07A401CE07201205E
:1062B0002073002060730AE000BF00BF0021304659
:1062C000FFF726FF0020A0721DE0607B20733046A0
:1062D00000F064F805460DB100BF00BF13E0206870
:1062E00018B12068401E206018B900BF00BF002010
:1062F000A07208E007E000BF00BF0CA0FDF7B8FDEA
:1063000000BF00BF00BF00BF70BD0000D070002004
:10631000617272617920696E646578206F7574208E
:106320006F6620626F756E6473000000756E6B6E31
:106330006F776E20646E735F7461626C6520656E4A
:106340007472792073746174653A000070B500BF8F
:10635000F9F7D2FF85B2002411E004EB04100A49DA
:1063600001EB0010807A022807D104EB041001EB46
:1063700000100089A84200D1EAE7601CC4B2042CD6
:10638000EBDB284670BD0000D070002000BF00BFCE
:1063900000BF00BF00BF00BF704700002DE9F04FF5
:1063A00089B083460BEB0B10554901EB001500BF7C
:1063B00000BF00BFE87A022804DB00BF51A0FDF750
:1063C00057FD00BF00BFE87A544951F8200040B99A
:1063D00000215846FFF79CFE0020A87209B0BDE8D6
:1063E000F08F05F11000F9F7CBFF123080B24FF4B7
:1063F000207201460290362005F094FA0746002FDD
:1064000073D00020069007900890288902F06DFF55
:10641000ADF8180001208DF81A000002ADF81C003C
:106420000C2206A9384606F031F805F11004641E66
:106430000C2600BF641CA0464FF0000904E009F1DF
:10644000010000F0FF09641C20782E2802D020787B
:106450000028F4D1A4EB080080B2049006EB0900F8
:10646000401CB0F5803F00DB43E04A4631463846E9
:1064700005F0F3FE701C83B241463846049A06F0DC
:10648000A7F806EB0900401C86B220780028D1D17D
:1064900000223146384605F0E0FE701C86B24FF40B
:1064A0008070ADF81400ADF816003346042205A93B
:1064B000384606F08DF8E87B039000BF00BF35201A
:1064C0000190E97A154800EB81000290144A039983
:1064D00052F821003946DDE901320EF097FA824682
:1064E000384605F0F5FD02E0FFE74FF0FF3A504671
:1064F00074E7384605F0ECFD6FF005006EE700002C
:10650000D0700020646E7320736572766572206FA0
:106510007574206F6620617272617900D801002065
:10652000C070002002280ADA21B1054A0B6842F83F
:10653000203004E0024A034B1B6842F820307047C9
:10654000D80100202C80010810B500BF00BFFFF764
:1065500063FE10BD2DE9F04104460D4600BF05F075
:10656000030020B100BF09A0FDF782FC00BF00BFFF
:106570002E4607F043FF0746E06800683060E06899
:106580000660384607F098FFBDE8F0816D656D70D4
:106590005F667265653A206D656D2070726F70651B
:1065A000726C7920616C69676E65640070B5054630
:1065B00007F024FF0646E86804688CB12068E968A3
:1065C000086000BF04F0030020B100BF08A0FDF781
:1065D0004FFC00BF00BF304607F06EFF204670BD85
:1065E000304607F069FF00BF00BF0020F7E700005A
:1065F0006D656D705F6D616C6C6F633A206D656D7C
:10660000702070726F7065726C7920616C69676E52
:10661000656400002DE9F05F80460E46444600BFE9
:1066200024B900BF45A0FDF723FC00BF00BF07F061
:10663000E5FE834600206060267294F8200040F05A
:10664000010084F82000657800206070584607F04B
:1066500033FFA06A20B1002204212046A36A984794
:10666000A06A20B1002211462046A36A9847A06A7A
:1066700020B1002202212046A36A9847304603F049
:10668000AFFB824604F1100030B1206920B15146C1
:1066900004F1100007F09CFF04F1140030B16069B0
:1066A00020B1514604F1140007F092FF012D03D0F0
:1066B000042D01D0032D36D194F82000C0F38009B9
:1066C00000BF00BF94F8200000F0FB0084F8200019
:1066D00000BF00BFB9F1000F24D100BF606A20B92C
:1066E00000BF1AA0FDF7C4FB00BF00BF042D03D1FB
:1066F0000020616A087101E0606A0671606A0068E2
:1067000000F10C0700BF0FB1386820B900BF16A018
:10671000FDF7AEFB00BF00BF00206062384608F006
:10672000CFF800BF08E000BF606A20B100BF15A02D
:10673000FDF79EFB00BF00BFBDE8F09F636F6E6E6C
:1067400020213D204E554C4C00000000636F6E6EC2
:106750002D3E63757272656E745F6D736720213DA7
:10676000204E554C4C000000696E61766C696420C7
:106770006F705F636F6D706C657465645F73656D7A
:1067800000000000636F6E6E2D3E63757272656E61
:10679000745F6D7367203D3D204E554C4C000000EA
:1067A00070B50546002411E004EB4400094901EBF3
:1067B000C000067D4EB104EB440001EBC0008068D0
:1067C000A84202D1204600F04FF9641C0A2CEBDBF2
:1067D00070BD0000646401202DE9FF5F0646894614
:1067E00017464FF00A0AD346D04600240A200390E9
:1067F000002002900190009000BF73E004EB440081
:10680000724901EBC000057DB8F10A0F04D11DB932
:1068100000BF00BFA04663E0002D61D000BF012D86
:1068200006D0022D04DA00BF69A0FDF721FB00BFEE
:1068300000BFBEB104EB4401644A02EBC101306801
:10684000496888420ED13FB104EB4400114601EB88
:10685000C0008068B84205D100BF00BF204604B028
:10686000BDE8F09F012D28D104EB4400574951F8B1
:10687000300080B104EB440001EBC000418A029873
:1068800081422DDB039404EB4400504901EBC0002E
:10689000408A029024E004EB44004C4901EBC00024
:1068A000418A019881421BDBA24604EB4400474920
:1068B00001EBC000408A019012E0022D10DB04EBD6
:1068C0004400424901EBC000418A0098814207DB45
:1068D000A34604EB44003D4901EBC000408A009010
:1068E000601C04B20A2C89DB09F0020028B9B8F157
:1068F0000A0F07D109F0010020B900BF00BF4FF017
:10690000FF30ACE7B8F10A0F02DA444600BF2FE0CF
:10691000BBF10A0F0FDA5C4600BF00BF00BF04EBFB
:1069200044002A4951F8300020B100BF38A0FDF7DB
:106930009FFA00BF10E0BAF10A0F02DA544600BF16
:106940000AE003980A2802DA039C00BF04E000BFB3
:1069500000BF4FF0FF3082E700BF0A2C04DB00BF0E
:1069600031A0FDF785FA00BF00BF204600F07CF89B
:1069700000BF0A2C04DB00BF2BA0FDF779FA00BF93
:1069800000BF00BF04EB4400104901EBC000007DD4
:1069900020B100BF29A0FDF76BFA00BF00BF36B1E0
:1069A00004EB4401094A02EBC10130684860002051
:1069B00004EB4401054A02EBC101488204EB4400A8
:1069C000114601EBC0008760204648E7646401205F
:1069D0007374617465203D3D204554484152505FB9
:1069E00053544154455F50454E44494E47207C7CAA
:1069F000207374617465203E3D20455448415250D7
:106A00005F53544154455F535441424C450000008C
:106A10006172705F7461626C655B695D2E71203DAF
:106A20003D204E554C4C000069203C204152505FA7
:106A30005441424C455F53495A4500006172705FB2
:106A40007461626C655B695D2E7374617465203D71
:106A50003D204554484152505F53544154455F4591
:106A60004D5054590000000010B5044604EB44009A
:106A7000194951F8300070B100BF00BF04EB440168
:106A8000154A52F8310005F023FB002004EB4401C5
:106A9000114A42F83100002004EB44010E4A02EB97
:106AA000C101087504EB440102EBC101488204EB0B
:106AB000440102EBC101886004EB440102EBC10117
:106AC000486004EB4400114601EBC00003490A682A
:106AD000C2608988018210BD646401203A80010887
:106AE000F0B587B007460D4600BF35B900BF35A0E9
:106AF000FDF7BEF900BF07B0F0BD00BF7C6820887D
:106B0000B0F5807F08D12079062805D16079042866
:106B100002D16088082805D000BF00BF384605F0C4
:106B2000D7FAE8E7D4F80E000690A06905906868E7
:106B300008B9002607E005986968884201D101205C
:106B400000E0002006460EB1012000E002200346CE
:106B500004F1080206A9284600F0E6FBE088B0F53B
:106B6000807F03D0B0F5007F22D11AE000BF00BFC4
:106B700086B1022206AB04F10800291DCDE90232DC
:106B8000CDE9001005F12A0302462631284600F01F
:106B9000A9FA05E0686808B900BF01E000BF00BFBE
:106BA00009E000BF00BF06A92846FDF7B1FE02E0DC
:106BB00000BF00BF00BF00BF384605F089FA00BF24
:106BC00099E700006E6574696620213D204E554CA2
:106BD0004C0000002DE9FE4304460F461546A94629
:106BE00000BF24B900BF57A0FDF742F900BF00BFA6
:106BF00000BF27B900BF57A0FDF73AF900BF00BF9B
:106C000000BF25B900BF56A0FDF732F900BF00BF95
:106C10002146286800F0C8FF10B1DFF8548186E0F3
:106C2000287800F0F000E02816D101208DF804004B
:106C300000208DF805005E208DF80600687800F0D1
:106C40007F008DF80700A8788DF80800E8788DF8A7
:106C500009000DF1040869E02868A1680840D4E93A
:106C60000112114088420ED0288880B24FF6A961E7
:106C7000884208D0E06810B104F10C0903E06FF01D
:106C80000300BDE8FE833B48007800EB40003A4932
:106C900001EBC000007D02281BDB3648007800EBCA
:106CA000400001EBC0008068A04212D13149097850
:106CB00001EB4101304A02EBC101D9F800004968FB
:106CC000884206D12B4802783946204600F056F813
:106CD000D7E7002622E006EB4600274901EBC0007B
:106CE000007D022818DB06EB460001EBC00080683F
:106CF000A04211D106EB46011F4A02EBC101D9F8AF
:106D000000004968884207D11A4806703246394661
:106D1000204600F033F8B4E7701CC6B20A2EDADB66
:106D20003A464946204600F0A9F8AAE700BF4FF4CA
:106D30000060434604F12A0239460090204600F0E4
:106D40006FFC9EE76E6574696620213D204E554CB0
:106D50004C0000007120213D204E554C4C0000009D
:106D600069706164647220213D204E554C4C0000D6
:106D700034800108A002002064640120F8B50546B3
:106D80000E46144600BF04EB44002F4901EBC0003F
:106D9000007D022804DA00BF2CA0FDF769F800BFCF
:106DA00000BF04EB4400284901EBC000007D02282D
:106DB00039D104EB440001EBC000408AB0F58E7F6E
:106DC00011DD04EB44000A4602EBC000011D284619
:106DD00000F014FA38BB032004EB44011A4A02EB1A
:106DE000C10108751FE004EB4400174901EBC00026
:106DF000408AB0F5877F16DB04EB44000B4603EBBB
:106E0000C00000F10C0204EB440003EBC000011DC4
:106E1000284600F001FA30B9032004EB44010A4A85
:106E200002EBC10108754FF40060009004EB4400D0
:106E3000054901EBC00000F10C0305F12A023146BF
:106E4000284600F0EDFBF8BD646401206172705FBC
:106E50007461626C655B6172705F6964785D2E73EA
:106E600074617465203E3D204554484152505F5343
:106E7000544154455F535441424C45002DE9FC5F59
:106E800081460F46164609F12A0001904FF0FF3A5D
:106E90004FF0000B4946386800F086FE38B9387864
:106EA00000F0F000E02802D00FB1386828B900BF28
:106EB00000BF6FF00F00BDE8FC9F4A460121384635
:106EC000FFF78AFC8046B8F1000F07DA00BF00BF69
:106ED0000EB100BF00BF4FFA88F0ECE700BFB8F179
:106EE0007F0F04D300BF65A0FCF7C2FF00BF00BF47
:106EF00008F0FF0404EB4400644901EBC000007D8E
:106F000078B94FF0010B012004EB44015F4A02EB1A
:106F1000C101087504EB4400114601EBC000C0F844
:106F2000089000BF04EB4400584901EBC000007D0D
:106F300001280BD004EB440001EBC000007D0228C7
:106F400004DA00BF52A0FCF793FF00BF00BFBBF103
:106F5000000F00D1F6B93946484600F04FF9824695
:106F6000BAF1000F13D104EB4400484901EBC00013
:106F7000007D01280BD1BBF1000F08D100BF00BF7D
:106F8000002004EB4401414A02EBC10148820EB9E2
:106F9000504690E700BF26B900BF47A0FCF768FF46
:106FA00000BF00BF04EB4400384901EBC000007D86
:106FB000022811DB434804704FF40060009004EB9A
:106FC000440001EBC00000F10C0331464846019A31
:106FD00000F026FB82464FE004EB44002B4901EB16
:106FE000C000007D012847D100200090354614E004
:106FF00000BF68892989884206D1286820B100BF6E
:1070000031A0FCF735FF00BF00BF287B00F0400037
:1070100010B10120009002E02D68002DE8D100BFE2
:10702000009838B132464FF420710E2004F072FE01
:10703000054603E03546284605F09CF9BDB104EB52
:107040004400124951F8300040B100BF00BF04EBCA
:1070500044010E4A52F8310005F03AF804EB4400BE
:107060000A4941F830504FF0000A00BF03E000BF6A
:1070700000BF4FF0FF3A00BF50461CE774797065BF
:10708000206F766572666C6F770000006464012083
:107090006172705F7461626C655B695D2E737461AF
:1070A0007465203D3D2050454E44494E47206F7247
:1070B00020535441424C45007120213D204E554CF7
:1070C0004C000000A00200206E6F207061636B65B1
:1070D000742071756575657320616C6C6F7765647C
:1070E000210000002DE9FC5F06460F4690469946B8
:1070F000DDE90CAB0020019000BF26B900BF2DA038
:10710000FCF7B6FE00BF00BF4FF420721C210E201A
:1071100004F008FC05462DB900BF00BF4FF0FF305A
:10712000BDE8FC9F00BF68891C2804DA00BF25A0C9
:10713000FCF79EFE00BF00BF6C6800BF00BF0F9849
:1071400002F0D3F8E08000BF96F83000062804D0A3
:1071500000BF2948FCF78CFE00BF00BFD9F8000033
:10716000A060B9F80400A081DBF80000C4F81200A8
:10717000BBF80400E082DAF80000C4F80E000E98B4
:107180000068A0614FF48070208008206080062095
:1071900020710420607140F6060043463A462946B5
:1071A0000090304600F03CFA284604F091FF00259C
:1071B0000198B5E76E6574696620213D204E554CF7
:1071C0004C000000636865636B207468617420661E
:1071D0006972737420706275662063616E20686FD7
:1071E0006C64207374727563742065746861727066
:1071F0005F686472000000004C83010870B50446AB
:107200000D4600BF00BF034A2946204600F004F89F
:1072100070BD0000348001087FB504460D46164657
:107220000121074A201D04F12A038DE8250003915E
:10723000324619462046FFF755FF04B070BD0000E6
:107240003A80010870B500BF00BF002466E004EB7F
:107250004400344901EBC000057D002D5DD004EBF6
:10726000440001EBC000408A401C04EB44012D4A5D
:1072700002EBC101488204EB4400114601EBC0005F
:10728000408AB0F5967F0DDA04EB440001EBC000B4
:10729000007D01280CD104EB440001EBC000408AC2
:1072A000052805DB00BF00BF2046FFF7DDFB34E00B
:1072B00004EB44001B4901EBC000007D032807D10B
:1072C000042004EB4401174A02EBC101087524E0D5
:1072D00004EB4400134901EBC000007D042807D1F2
:1072E000022004EB44010F4A02EBC101087514E0CF
:1072F00004EB44000B4901EBC000007D01280CD1D8
:1073000004EB44020B4603EBC202111D04EB4402E2
:1073100003EBC2029068FFF771FF641C0A2C96DB36
:1073200070BD0000646401202DE9F84305460E4657
:107330001746984600BF95F83000062804D000BFD5
:107340002FA0FCF795FD00BF00BF00BF00BF5EB1DE
:10735000306848B12946306800F026FC20B9307802
:1073600000F0F000E02805D100BF00BF6FF00F0073
:10737000BDE8F8832A4641463046FFF72DFA044619
:10738000002C01DA60B2F3E7022004EB4401254A45
:1073900002EBC101087504EB4400114601EBC0008B
:1073A000856000BF00BF04EB440001EBC0003968FA
:1073B000C160B9880182002004EB440102EBC101E5
:1073C000488204EB4400114651F83000B0B104EBA0
:1073D000440051F83090002004EB440142F83100A1
:1073E0004FF400603B4605F12A02494600902846CA
:1073F00000F016F9484604F06BFE00BF0020B7E726
:107400006E657469662D3E6877616464725F6C6551
:107410006E203D3D204554485F4857414444525FEB
:107420004C454E006464012010B5112000F04AF96B
:10743000C0F38034204610BD014600200A6802F0E7
:10744000004252B90A6802F4004232B90A6802F4F2
:10745000807212B10A68C2F30D4070471CB51A4819
:1074600000788DF80000184840788DF80100164823
:1074700080788DF802001448C0788DF80300124817
:1074800000798DF80400104840798DF805000F4808
:107490000F4908600120486081030D488160C910D0
:1074A000C16000210182C0F814D001218161002156
:1074B000C1614FF400010162FAF760FD08B90020D4
:1074C0001CBD0120FCE70000646501200080024033
:1074D000540400202DE9F04104460E464FF00E08FA
:1074E00060890E2800DC59E0E07B18B996F834007A
:1074F000401CE073656800BF00BFAF89287800F0CA
:107500000100B0B12878012809D1687888B9A87835
:107510005E280ED1607B40F01000607309E0062207
:1075200021492846F8F733FF18B9607B40F008007E
:107530006073082F03D0B7F5C16F2AD114E096F815
:10754000310000F0080000B928E04146204604F070
:1075500035FF20B100BF00BF00BF00BF1EE03146B5
:10756000204600F071FC15E096F8310000F00800AC
:1075700000B913E04146204604F020FF20B100BFCF
:1075800000BF00BF00BF09E031462046FFF7A8FA60
:1075900000E003E000BF0020BDE8F081204604F0D9
:1075A00097FD0020F8E700003480010810B5184866
:1075B000006840B91748006828B91748006810B932
:1075C0001648006808B1012000E00020E8B98021D9
:1075D000002003F073FC0E4908608021002003F0B6
:1075E0006DFC0C49086041F2D071002003F066FC8C
:1075F0000949086041F2D071002003F05FFC07499F
:10760000086000BF00BF00BF00BF002010BD000029
:1076100034000020380000203C0000204000002002
:107620002DE9F04705460E4617469846DDF82090AE
:10763000484601F05AFE82460E21304604F020F9F9
:1076400000B120E07468A4F80CA0D8F80000206015
:10765000B8F80400A0803868C4F80600B8886081D3
:1076600000BF95F83000062804D000BF08A0FCF742
:10767000FFFB00BF00BF00BF00BF31462846AA691C
:107680009047BDE8F08700BF00BF6FF00100F8E74A
:107690006E657469662D3E6877616464725F6C65BF
:1076A0006E206D757374206265203620666F7220BF
:1076B00065746865726E65745F6F7574707574213A
:1076C0000000000038B504466A4621460248FAF731
:1076D000F3FE009838BD00005404002070B5044645
:1076E00000BF24B900BF11A0FCF7C2FB00BF00BF60
:1076F000042003F079F8054625B900BF00BF4FF01C
:10770000FF3070BD2562652084F832006E21332081
:1077100001550A4860610A48A06104F12A00286006
:10772000204601F01BFB0020EBE700006E6574694A
:107730006620213D204E554C4C000000D56B0008C2
:10774000158F0008054600262C4600BF00BF27E025
:107750004FF0FF31134800680FF002FE01281FD1DF
:107760000EF0C0FC00BF204601F056FB06460EF0AE
:1077700005FDAEB10EF0B6FC2146304622699047B9
:1077800030B100BF00BF304604F0A2FC002605E087
:107790000021044800680FF0E3FDE4E70EF0EEFC82
:1077A000D6E70000AC02002000BF054A126802F0D4
:1077B0004002002AF9D0C2B2014B5A607047000063
:1077C000001001401CB50648052100238022CDE9A8
:1077D000001004A106480FF047FF0FF0B3F81CBDDE
:1077E0000400002073746172745F7461736B000035
:1077F0009DE1000870B505460C4622460321284647
:1078000000F02EF970BD00002DE9F04F85B0044660
:107810008A46774880680390039800780007860EB0
:10782000142E02DA00BF00BFD9E06089042802D21A
:1078300000BF00BFD3E060680578606840780490BE
:1078400015B1082D72D100E0C4E0DFF8A49109F170
:1078500014096748007D00F0F000E02802D100BF65
:1078600000BFC0E0624A1168506900F09DF910B194
:1078700000BF00BFB7E000BF00BF2089082802D2C8
:1078800000BF00BFABE0204600F063F938B100BF95
:1078900000BF204604F01CFC05B0BDE8F08F06F1E7
:1078A0000E01204603F0ECFF002845D0208930442B
:1078B0001FFA80FB2089584502DD00BF00BF92E01F
:1078C0004FF4207259460E2004F02CF8074617B9E1
:1078D00000BF00BF87E0798906F10800814205D228
:1078E00000BF00BF384604F0F3FB7CE03246786806
:1078F0000399F8F713FD3146384604F05FFD50B1A7
:1079000000BF00BF3BA0FCF7B3FA00BF00BF384682
:1079100004F0DEFB67E02146384604F023FA30B17C
:1079200000BF00BF384604F0D3FB5CE03EE02046D9
:1079300004F0CEFB3C460DE006F10E01204604F0BB
:107940003DFD38B100BF00BF38A0FCF791FA00BF81
:1079500000BF48E0D4F804803146204603F090FF91
:1079600008B100BF21E06768D9F80000F86020483E
:1079700000693861002088F80000A8F80200FF20A4
:1079800038720020788101200021FF230A46CDE9CA
:10799000010A00914946204600F078FB8346BBF17E
:1079A000000F01D000BF00BF00BF13E0032D0ED0B9
:1079B0000B2D0CD00C2D0AD0042D08D0052D06D08F
:1079C0000D2D04D00E2D02D0112D00D000BF00BF10
:1079D00000BF00BF00BF204604F07AFB5CE72046F2
:1079E00004F076FB58E7204604F072FB00BF53E733
:1079F0004075002069636D705F696E7075743A2020
:107A00006D6F76696E6720722D3E7061796C6F6163
:107A10006420746F2069636D7020686561646572AD
:107A2000206661696C65640A0000000069636D701E
:107A30005F696E7075743A20726573746F72696EE7
:107A400067206F726967696E616C20702D3E70618E
:107A5000796C6F6164206661696C65640A0000007E
:107A60002DE9FF5F0646894692464FF01C08308993
:107A7000404501DAB6F8088008F1080081B24FF4F9
:107A80002072222003F04EFF04461CB900BF00BF45
:107A9000BDE8FF9F00BF618908F10800814204D260
:107AA00000BF1CA0FCF7E4F900BF00BFD6F804B08B
:107AB00000BF00BF00BF00BF00BF00BF00BF00BFCE
:107AC00000BF00BF656885F8009085F801A0002020
:107AD000A880E8807168626802F108004246F8F701
:107AE0001DFCDBF80C00039003A800F0D7FC074650
:107AF0005FB10020688001200021FF2303AACDE9A7
:107B000001070091204600F0C1FA204604F0E0FA97
:107B100000BFBDE7636865636B20746861742066AD
:107B20006972737420706275662063616E20686F7D
:107B30006C642069636D70206D65737361676500A7
:107B400070B505460C4622460B212846FFF788FFF4
:107B500070BDF0B5064600270024354619E0698956
:107B6000686802F0B7FB0444A0B200EB14446889D3
:107B700000EBD0714910A0EB410149B10FB90120D0
:107B800000E000200746E0B2C4F3072141EA0024E8
:107B90002D68002DE3D127B1E0B2C4F3072141EAFB
:107BA0000024E04380B2F0BD18B502460092D043F5
:107BB00000B10AB9012018BD91F8310000F00200AF
:107BC00008B90020F7E74868904201D10020F2E7A9
:107BD00000988B681840D1E901342340984208D1BD
:107BE000886822EA00008C68E343984201D10120B2
:107BF000E1E70020DFE700002DE9F74F8CB00446F5
:107C00000F464FF00008398DA1F11400C11700EBA9
:107C10005171C1F3CF0A1420059060680990DDF816
:107C2000249099F8000000F00F001421B1EB800FB0
:107C300004D06FF005000FB0BDE8F08F00BF608981
:107C4000142807DA00BF6CA0FCF712F900BF6FF030
:107C50000500F0E700BFB9F8060001F046FB04900C
:107C60000498C0F30C000790049800F400500390AF
:107C7000208914381FFA80FBB5E04FF6FF7000EA48
:107C8000CA00584501DD584603E04FF6FF7000EA90
:107C9000CA0008904FF4207214210E2003F042FE17
:107CA000054605B9A5E000BF6889142804DA00BFBD
:107CB00058A0FCF7DDF800BF00BF142268680999DE
:107CC000F8F72CFBD5F8049008980A9050E06189E9
:107CD0000598081A80B2029000BF61890598814218
:107CE00004DA00BF53A0FCF7C3F800BF00BF02993D
:107CF0000A98884201DA0A9800E002988046B8F1B2
:107D0000000F03D100200590246831E000F070FCE2
:107D100006461EB9284604F0DBF96AE0616805985A
:107D20000844334641224146CDE90008002003F0D3
:107D30003FFF0B900B9830B9304600F05FFC2846AF
:107D400004F0C6F955E0204604F014FB74613D4888
:107D5000306128460B9903F059FF0A98A0EB080000
:107D600080B20A900A9810B100200590246800BFE4
:107D70000A980028ABD10598404480B20590388D10
:107D80001438584501DB012000E0002006900798D8
:107D9000C0F30C000490069808B1039818B1049839
:107DA00040F400500490049801F09FFAA9F80600EE
:107DB0000899143188B201F098FAA9F8020000205D
:107DC000A9F80A007B69294638460E9A9847284642
:107DD00004F07EF90898ABEB00001FFA80FB0798CF
:107DE000504480B20790BBF1000F7FF446AF0020F3
:107DF00021E74FF0FF301EE76970345F66726167FC
:107E000028293A207062756620746F6F2073686F3E
:107E10007274000074686973206E65656473206114
:107E2000207062756620696E206F6E6520706965CE
:107E300063652100702D3E6C656E203E3D20706FA5
:107E400066660000698B00082DE9F04706460F467C
:107E50004FF0010A756828780421B1EB201F07D084
:107E600000BF00BF304604F033F90020BDE8F087C2
:107E7000287800074FEA9068688801F036FA814652
:107E80003189494503DD4946304604F0FBF97089E4
:107E9000404505DB3089484502DBB8F1140F13DAA1
:107EA000B8F1140F01DA00BF00BF7089404501DA54
:107EB00000BF00BF3089484501DA00BF00BF30462F
:107EC00004F006F90020D1E728695F494861E868B5
:107ED00008610846007D00F0F000E0280AD197F81C
:107EE000310000F0010018B1786808B13C461CE090
:107EF00000241AE0384600F0ABF808B13C4614E024
:107F000000245148007D7F280FD05048046809E0C4
:107F1000BC4200D105E0204600F09AF800B103E031
:107F200000BF2468002CF3D100BF84B9687A1128FF
:107F30000DD105EB080000BF00BF4188B1F5884FA7
:107F400004D100BF00BF3C464FF0000A00BFBAF1A9
:107F5000000F15D03C48006990B13B49086939468B
:107F6000FFF722FE28B93848007C00F0F000E02836
:107F700006D100BF00BF304604F0AAF8002075E724
:107F800034B900BF00BF304604F0A2F800206DE70E
:107F9000E8884FF63F71084048B100BF00BF304647
:107FA00000F030F906460EB900205FE7756800BFA3
:107FB00000BF00BF00BF2448046047608560287888
:107FC0000007800E204988814146304604F0F6F9CA
:107FD000687A01280DD0062806D011280ED139461E
:107FE00030460CF0B9FA24E03946304607F0BAFDC5
:107FF0001FE039463046FFF707FC1AE0124948698E
:108000002146FFF7D1FD70B90F48007D00F0F00068
:10801000E02808D00FFA88F1304604F0F5F8022184
:108020003046FFF7E7FB00BF00BF304604F050F8D2
:1080300000BF00BF00200449086048608860888154
:108040000861486100BF11E7407500202802002048
:1080500010B5044600BF00BF94F8310000F00100E5
:1080600080B1606870B1084840696168884205D095
:10807000054948692146FFF797FD18B100BF00BFC9
:10808000012010BD0020FCE7407500202DE9FE4FC7
:1080900007460C4615469846DDE90C9A0E9EA34607
:1080A00025B10CB1206808B906F1040B43462A46F5
:1080B00059463846CDE9009A029600F003F8BDE82B
:1080C000FE8F00002DE9F84F05460F4690469A4670
:1080D000DDF828B00C9E00BFA87B012804D000BFAB
:1080E00037A0FBF7C5FE00BF00BFB8F1000F44D0BA
:1080F0004FF014091421284603F0C2FB28B100BF39
:1081000000BF6FF00100BDE8F88F6C6800BF6889A0
:10811000142804D200BF2DA0FBF7AAFE00BF00BFA9
:1081200084F808A00B986072D8F8000020614846D7
:108130004FEAE97109EB9171C1F3870141F0400108
:10814000217084F801B0288901F0CFF86080002008
:10815000E0802A48008801F0C8F8A08027480088FD
:10816000401C264908801FB925480068E06001E0EE
:108170003868E060002060810BE06889142804DA28
:1081800000BF00BF6FF00100BDE76C682069009080
:10819000E84600BF00BF308D48B12889318D884244
:1081A00005DD424631462846FFF726FDABE700BF16
:1081B00000BF42462946304673699847A3E700004E
:1081C000702D3E726566203D3D2031006368656319
:1081D0006B207468617420666972737420706275B4
:1081E000662063616E20686F6C64207374727563BF
:1081F000742069705F68647200000000A2020020B1
:108200002C8001082DE9F14F84B004984568287846
:1082100000F00F001421B1EB800F02D000BF00BFAF
:108220000DE1E88801F061F8C0F30C004FF6FF7132
:1082300001EAC00A688801F058F807462878000764
:10824000810E02910299B94200DDF8E00298381AD5
:1082500087B2049803F055FD06467C4801888819CA
:108260000A280CDD3146284600F01CFC20B1774876
:10827000008830440A2802DD00BF00BFDFE07448F8
:10828000046813E06069E968884209D1A069296936
:10829000884205D1A089A988884201D1012000E047
:1082A000002010B100BF00BF02E02468002CE9D11B
:1082B00000BF34B93146284600F01AFB044694B991
:1082C000BDE0E88801F011F8C0F30C0058B9E0896E
:1082D00001F00BF8C0F30C0028B11422294604F178
:1082E0000800F8F71BF8E888012121EA50100190F6
:1082F000019850B10AEB070188B2504503DB4FF6F5
:10830000EB71884200DD80E000BF2046019A0499AD
:1083100000F08AF983460BF1010000B975E04B4883
:108320000088304449490880019850B10AEB0701A0
:1083300088B2A083A17F41F00101A17700BF00BFF7
:1083400000BFBBF1010F5CD1A08B143080B2009054
:1083500060684068D0F8009060684568142204F1B5
:1083600008012846F7F7DAFF009800F0BEFF6880A2
:108370000020E8806881606804900DE0D9F804006E
:1083800003901421484604F019F84946049803F074
:108390003DFC0398D0F80090B9F1000FEED12C48C5
:1083A0000068844202D14FF000080EE02848D0F85F
:1083B000008006E0D8F80000A04200D104E0D8F820
:1083C0000080B8F1000FF5D100BF4146204600F013
:1083D00065FA049803F095FC064600BF1B48008828
:1083E000B04204DA00BF1BA0FBF742FD00BF00BF94
:1083F00016480088801B15490880049805B0BDE820
:10840000F08F00BF00BF0020F8E700BF24B900BF15
:1084100017A0FBF72DFD00BF00BF606870B900BF5B
:108420000B480068844204D000BF14A0FBF720FD75
:1084300000BF00BF0021204600F030FA00BF00BF9F
:1084400000BF049803F044FE0020D7E7A8020020F4
:10845000A402002069705F72656173735F7062755A
:1084600066636F756E74203E3D20636C656E000020
:1084700069707220213D204E554C4C006E6F742067
:108480006669727374616C74686F756768206A7569
:10849000737420656E7175657565640010B502466C
:1084A0002248016821E091F8310000F00100D8B1C4
:1084B00091F83100C0F38000B0B14868A0B11068F5
:1084C0008B681840D1E901342340984201D1084615
:1084D00010BD91F8310000F0020028B91068CB6897
:1084E000984201D10846F3E709680029DBD110481A
:1084F0000068A0B10E48006890F8310000F001005B
:1085000068B10B48006890F83100C0F3800030B1CA
:1085100007480068406810B110787F2803D100BF79
:1085200000BF0020D4E702480068D1E728020020FD
:108530002C02002010B5044610220249204600F00B
:1085400003F810BD546501202DE9FC4706460B4693
:1085500014464FF0000C30680190194601AA00271C
:108560003CE0002500BF10784FF00A0990FBF9FAB3
:1085700009FB1A0000F0FF08107890FBF9F010706A
:1085800008F1300000F0FF0A284605F1010909F062
:10859000FF050DF800A010780028E4D10BE060463C
:1085A0000CF1010CA04202DB0020BDE8FC871DF8A5
:1085B000050001F8010B281EA5F1010909F0FF05CE
:1085C000EDD160460CF1010CA04201DB0020ECE78C
:1085D0002E2001F8010B521C781CC7B2042FC0DBFF
:1085E0004FF00009481E014680F800901846DCE76D
:1085F00010B5052002F05CFB10BD000010B504466C
:1086000000BF24B900BF05A0FBF732FC00BF00BFCC
:108610002146052002F0FEFA10BD00007020213D29
:10862000204E554C4C0000002DE9F74F84B0064613
:108630008846002501200190D8F804000290029994
:10864000488800F052FE8346029800780007800EAA
:1086500003900398584503DD681E07B0BDE8F08F0E
:108660000398ABEB00001FFA80FB0299C88800F06A
:108670003CFEC0F30C004FF6FF7101EAC00A00BFD8
:1086800000BFD8F8044000202060A4F804A00AEB42
:108690000B00E080E088504502DA4FF0FF30DCE765
:1086A000D6F804903EE0D9F80470A088B9888842D2
:1086B00020DAC4F800909DB1A088E988884203DBE5
:1086C000E088B988884202DD4FF0FF30C5E7C5F881
:1086D0000080E888A18888420BD00020019008E043
:1086E000E088B988884202DD4FF0FF30B5E7C6F870
:1086F00004801AE0A088B988884202D14FF0FF3088
:10870000ABE7A088F988884202DA4FF0FF30A4E78F
:108710002DB1E888B988884201D000200190D7F8AF
:1087200000903D46B9F1000FBDD100BFB9F1000F77
:108730001FD19DB100BFE888A188884204DD00BF39
:1087400033A0FBF795FB00BF00BFC5F80080E888A9
:10875000A18888420DD0002001900AE000BF706817
:1087600020B100BF32A0FBF783FB00BF00BFC6F8FB
:108770000480069820B9B07F00F00100002844D0A2
:10878000019800283BD0706818B1706840688088F4
:1087900010B10020019032E02546D4F800900BE0A3
:1087A000D9F80440E888A188884202D000200190CE
:1087B00005E02546D4F80090B9F1000FF0D100BFD4
:1087C0000198E0B100BF706820B900BF26A0FBF798
:1087D0004FFB00BF00BF00BF70684068A04204D1DB
:1087E00000BF21A0FBF744FB00BF00BF00BF206813
:1087F00020B100BF20A0FBF73BFB00BF00BF0198EA
:1088000008B1012029E7002027E7002025E7000024
:10881000636865636B20667261676D656E74732053
:10882000646F6E2774206F7665726C617000000053
:108830006E6F2070726576696F75732066726167FE
:108840006D656E742C2074686973206D7573742067
:10885000626520746865206669727374206672614F
:10886000676D656E7421000073616E6974792063B1
:108870006865636B0000000076616C696461746513
:108880005F646174616772616D3A6E6578745F7080
:10889000627566213D4E554C4C00000070B5044693
:1088A0000D460B480068A04203D1094920680860C2
:1088B00009E000BF25B900BF06A0FBF7D9FA00BF49
:1088C00000BF206828602146042002F0A3F970BD93
:1088D000A402002073616E69747920636865636B1C
:1088E000206C696E6B6564206C6973740000000015
:1088F00070B505460E46042002F0DAF9044674B954
:108900003146284600F0CEF8B04203DB042002F0E6
:10891000CFF904461CB900BF00BF002070BD202164
:108920002046F7F722FD0F20E07706480068206018
:10893000044804601422294604F10800F7F7EEFC0D
:108940002046EBE7A40200202DE9F04704468846C4
:10895000002500BFA04504D100BF38A0FBF788FA6E
:1089600000BF00BFB8F1000F0AD000BFD8F8000068
:10897000A04204D000BF34A0FBF77AFA00BF00BFCA
:108980006068D0F80490B9F8040008BB6768D9F8AB
:1089900000006060142204F108017868F7F7BEFC5B
:1089A00001213846FFF7CCF8384603F0AAF906460D
:1089B00000BFA819B0F5803F04DB00BF27A0FBF77C
:1089C00057FA00BF00BFA81985B2384603F080FBF4
:1089D000676819E0D7F80490BA46D9F80070504695
:1089E00003F08FF9064600BFA819B0F5803F04DBFD
:1089F00000BF1AA0FBF73CFA00BF00BFA81985B260
:108A0000504603F065FB00BF002FE3D141462046EE
:108A1000FFF744FF00BF19480088A84204DA00BFEE
:108A200017A0FBF725FA00BF00BF14480088401BC1
:108A3000124908802846BDE8F0870000707265760C
:108A400020213D2069707200707265762D3E6E6542
:108A50007874203D3D206970720000007062756678
:108A6000735F6672656564202B20636C656E203CC5
:108A70003D2030786666666600000000A80200208F
:108A800069705F72656173735F70627566636F753D
:108A90006E74203E3D2070627566735F6672656518
:108AA000640000002DE9F84F05468946002700BF05
:108AB0000026B2460020009083461B48046821E04F
:108AC0006069E968884207D1A0692969884203D1B1
:108AD000A089A988884201D0012000E0002068B167
:108AE0000BF1010B1EB92646CDF800A006E0E07F91
:108AF000F17F884202DC2646CDF800A0206800B154
:108B0000A2462468002CDBD12EB130460099FFF735
:108B10001BFF804647444F4502DABBF1010FC7DC1B
:108B20003846BDE8F88F0000A402002070B500268A
:108B30000C48046813E0E07F002807DDE07F401E5A
:108B4000E07700BF00BF2646246808E000BF00BFF2
:108B50002546246831462846FFF7F6FE00BF002C64
:108B6000E9D170BDA402002070B505462C4600BFB7
:108B700024B900BF0BA0FBF77BF900BF00BF00BF0B
:108B8000AC4204D000BF0AA0FBF772F900BF00BFDF
:108B9000606910B1606903F09BFA2046FFF72EFD73
:108BA00070BD000070637220213D204E554C4C007A
:108BB000706372203D3D20700000000000B587B05A
:108BC00000BF00BF002001900D48006840F0100079
:108BD0000B4908600846006800F01000019000BFD3
:108BE00000BF00BF082002900020039001200490E5
:108BF0000220059002A90348F9F7E0FD07B000BD87
:108C0000303802400010024070B50446002514B10F
:108C10000120104908700F48007888B108210E48DB
:108C2000F9F7CEFE60B90A20FBF742FE00200949A1
:108C3000087008210848F9F7C3FE48B9022507E083
:108C400008210548F9F7BCFE012801D10149087047
:108C5000284670BD310000200010024000BF10E027
:108C60000020FFF7D1FF0446022C07D1F8F79AFF46
:108C700004A0FBF7FDF864200DF06AFC0A200DF05B
:108C800067FCEDE7456E636F646572206861732071
:108C90006265656E207265736574210A00000000CC
:108CA00000B587B000BF00BF0020019020480068D9
:108CB00040F020001E4908600846006800F02000CF
:108CC000019000BF00BF00BF00BF00BF00200190A7
:108CD0000846006840F0200008600846006800F080
:108CE0002000019000BF00BF00BF48150290012086
:108CF000039004900220059002A90E48F9F75EFD4A
:108D00004FF48060029002A90A48F9F757FD00BFAE
:108D1000012251020748F9F765FE00BF00BF01229A
:108D200091020448F9F75EFE00BF07B000BD0000E5
:108D3000303802400014024000BF0BE000BF4FF487
:108D400080610548F9F744FE00BFF8F7BBFB6420DB
:108D50000DF0FEFBF2E70000001402401CB50446D3
:108D6000062084F830002148007884F82A001F4843
:108D700041782B2001551D4881782C2001551B4836
:108D8000C1782D200155194801792E200155174829
:108D900041792F20015540F2DC502085032200212B
:108DA00001200DF099FF124908600220430222467B
:108DB0001049009010A005F031FE01900E2084F8BB
:108DC000310004230F4802680F4801680F48F9F783
:108DD00039F804230E4802680E4801680B48F8F77A
:108DE000EBFF0A48F9F7B1FB1CBD000064650120E8
:108DF000AC020020457700086574685F746872658E
:108E0000616400004000002038000020540400206D
:108E10003C000020340000202DE9F84F0024A24639
:108E2000A046002000903A48F9F74EF810B1002013
:108E3000BDE8F88F3648808F1FFA80FB3448D0F8A1
:108E400040904FF4C1725946002002F06BFD074676
:108E5000002F32D02E48066B00243D462BE0B5F89B
:108E60000A804FF0000A16E040F2F4531A1B09EB97
:108E700004016B6803EB0A00F7F750FAF668D6F8BE
:108E8000089040F2F450001BA8EB000840F2F450A8
:108E9000001B8244002408EB040040F2F451884295
:108EA000E2D809EB04016A6802EB0A004246F7F7D0
:108EB00035FA44442D68002DD1D11548066B0020A9
:108EC000009007E0306840F000403060F66800989D
:108ED000401C00900E48816B00988142F2D800211E
:108EE0000B488163006800F58050406900F0800005
:108EF00058B180210648006800F58050416100218A
:108F00000348006800F580508160384690E7000013
:108F1000540400202DE9F84F8B463748C06A80681A
:108F200000904FF0000900240026A2463248D0F8F5
:108F30002C8000BF5D463FE0D8F8000000F0004004
:108F400010B16FF007073FE06E894FF0000A23E091
:108F500040F2F4531A1B6B6803EB0A01009B1819CB
:108F6000F7F7DCF9D8F80C80D8F8000000F00040E2
:108F700010B16FF0070727E0D8F80800009040F222
:108F8000F450001B361A40F2F450001B824440F2A9
:108F9000F450001B81440024301940F2F4518842FF
:108FA000D6D86A6802EB0A01009A10193246F7F720
:108FB000B5F93444B1442D68002DBDD149460E4861
:108FC000F9F715FB002700BF0B48006800F580503B
:108FD000406900F0200058B120210748006800F5E2
:108FE0008050416100210448006800F580504160D4
:108FF0003846BDE8F88F000054040020C02181717C
:10900000A822C271012202720A224272B8210170A2
:10901000AE2141701D2181700021C17001210171BB
:1090200000214171C0218172A822C2720122027303
:1090300050224273FF218173FF22C2730274002207
:109040004274C0218174A822C27401220275427543
:10905000002181757047000030B587B000250021E0
:1090600008460BF007F8FEF7A1FA10B1012007B08F
:1090700030BD2948FFF7C2FF06E0681CC5B2052DC8
:1090800002DD00250320F2E7FEF7E8F90028F4D11D
:1090900006900590049021482149002204ABCDE9B7
:1090A0000021029005AA06A91E4802F031F90446E3
:1090B0000CB90420DBE71B4802F00AFB194890F8C2
:1090C0003100C0F3800018B1164802F0ADFB02E099
:1090D000144802F005FB134800F030F9124911481A
:1090E00002F030FB03204FF480730E4A0F490090CA
:1090F0000FA005F093FC039000200749C875887500
:1091000004208301074A0D4900900DA005F086FC5C
:1091100003900020ABE7000064650120A141010835
:10912000DD760008806501203D930008B9930008B2
:109130006574685F6C696E6B00000000359E000806
:109140006574685F64686370000000002DE9F04199
:10915000044625466868804705F024FB06460D490D
:10916000286809684718B81BB0F1004F01D30120E7
:1091700000E0002030B1296888192246064905F030
:10918000C5FC04E022460449384605F0BFFCBDE8B2
:10919000F0810000800200204D91000830B591B0B0
:1091A000002400221146202001F0EEFF3249086021
:1091B0000A200968C86130480068002856D040F28B
:1091C00057422E492C48006801F06AFF05462C489A
:1091D000009040F2574269462748006801F090FF2E
:1091E000F8F7E0FC002D3DD13BE000240AE02548E3
:1091F00000EB840090ED000A01A800EB840080EDF4
:10920000000A641C102CF2DB01F0CAFE1E49086043
:1092100040211D48006801F065FE1B490968096886
:109220004022486801A9F7F779F817480168124801
:10923000006802F041F8054635B114A0FAF718FEAF
:109240001148006801F09CFE1348007820F080006F
:10925000114908700C48006801F092FE01200DF0E1
:1092600077F9C2E70DA0FAF703FE02E00FA0FAF7C4
:10927000FFFD11B030BD0000BC0200202C800108B1
:10928000C0A8010AF4050020C0020020B7A2CBCD7F
:10929000CAA7B0DC0D0A0000B8020020554450B047
:1092A000F3B6A8CAA7B0DC0D0A000000554450C1AF
:1092B000ACBDD3B4B4BDA8CAA7B0DC0D0A00000091
:1092C00000BFFFF76BFF02E005200DF041F9FBE75F
:1092D0000146080601F47F4240EA022001F47F02C1
:1092E00040EA122040EA1160704701460806000C6F
:1092F00040EA11207047000008B50020009000BF30
:109300006846804204D000BF0B48FAF7B1FD00BFA9
:1093100000BF00BF00BF05F0FFF801F0EFF901F05A
:10932000A1FC02F067F90BF00BF906F00FFCFDF75A
:109330002DF805F059FC08BD5C81010810B5044604
:1093400094F8310000F0010030B1012006490870A6
:1093500006A0FAF78DFD05E00520034908700CA072
:10936000FAF786FD10BD0000B002002054686520A9
:109370006E6574776F726B206361626C65206973D0
:1093800020636F6E6E6563746564200D0A000000D3
:10939000546865206E6574776F726B206361626CD0
:1093A00065206973206E6F7420636F6E6E656374E1
:1093B0006564200D0A00000008B5044600200090F6
:1093C0002646002533E06A4601211948F9F774F86A
:1093D000009800F00400B0B900201649C8756D1C53
:1093E000022D00DB23E00520134908703046FCF70E
:1093F000D1FD0F48F9F7D2F8304602F071F9304646
:1094000002F0A4F90FE000250A48C07D58B90120F8
:109410000849C8750648F9F798F8304602F004FA8A
:10942000304602F0C7F964200DF092F800BFCAE799
:109430005404002064650120B002002070B5064687
:10944000344620684068D8B12068007800F0F00009
:10945000102809D020280FD1A2892368A168586854
:109460000AF090FF05460AE0A2892368A1685868BF
:1094700005F030FD054602E06FF0050500BF01E094
:109480006FF00505257170BD2DE9FC5F04468B4624
:109490000020019000BF24B900BF7BA0FAF7E8FCD0
:1094A00000BF00BF00BF207800F0F000102804D0FB
:1094B00000BF79A0FAF7DCFC00BF00BF00BF6078F6
:1094C000042804D000BF7CA0FAF7D2FC00BF00BF84
:1094D00000BF606820B900BF80A0FAF7C9FC00BFD8
:1094E00000BF00BF606A20B900BF81A0FAF7C0FCCE
:1094F00000BF00BF6768606A90F808A00AF0010921
:109500000AF00208BAF1030F01D1012517E0B9F101
:10951000000F0AD0387D052805D0387D062802D0F6
:10952000387D082801D1012509E0B8F1000F05D0E8
:10953000B87E00F0100008B1012500E000251DB143
:109540000021384605F0C2FC387D012804D10021F5
:10955000384605F04AFC1BE0B9F1000F07D00021A6
:10956000384608F0FFFE0021384605F03EFCB8F111
:10957000000F03D00021384609F05EFA45B1002201
:109580001146384607F038FF0021384606F06CF9DE
:1095900025B1384605F022FD064605E0424649461B
:1095A000384609F06DFA064616B9012001900EE022
:1095B000701C50B9606A407A48B90120019035B1F9
:1095C000384605F00BFC002601E0012001900198CF
:1095D00078B3606A00680C300090606A0671002001
:1095E00060626070E6B93DB16060A06A20B100229F
:1095F00004212046A36A9847B9F1000F06D0A06A5B
:1096000020B1002211462046A36A9847B8F1000F06
:1096100006D0A06A20B1002202212046A36A984702
:10962000BBF1000F02D0009805F04AF90020BDE818
:10963000FC9FFFE70198E8B900BF387D012804D1FD
:1096400000BF32A0FAF714FC00BF00BFB8F1000F52
:1096500003D03749384609F0EFF901223549384639
:1096600007F0CAFE3449384606F0FEF8214638466F
:1096700005F02CFC00BF26B900BF30A0FAF7F8FBBC
:1096800000BF00BF3046D2E7696E76616C69642026
:10969000636F6E6E00000000746869732069732048
:1096A000666F7220746370206E6574636F6E6E7384
:1096B000206F6E6C79000000636F6E6E206D7573A5
:1096C0007420626520696E207374617465204E4554
:1096D00054434F4E4E5F434C4F53450070636220DE
:1096E000616C726561647920636C6F7365640000FE
:1096F000636F6E6E2D3E63757272656E745F6D730F
:109700006720213D204E554C4C000000436C6F7388
:10971000696E672061206C697374656E2070636286
:10972000206D6179206E6F74206661696C21000084
:10973000CDE0000881C80008156600086572722037
:10974000213D204552525F4F4B0000002DE9F04172
:10975000064634462068406810B96FF00E0581E077
:109760002068007800F0F000102809D020286CD183
:10977000A2892368A16858680AF078FE054670E05F
:1097800020684078032802D16FF008055CE020686B
:10979000407810B16FF0090556E0206804F0DCFC59
:1097A000A2892368A1685868304B05F057FD05462B
:1097B000002D49D1206890F82000C0F34007032015
:1097C0002168487000BF4FB100BF206890F82000AA
:1097D00040F00400216881F8200009E000BF206803
:1097E00090F8200000F0FB00216881F8200000BF05
:1097F00000BF17B16FF0040525E02068446200BF88
:1098000020684078032804D000BF19A0FAF730FB85
:1098100000BF00BF184804F083FF216801F10C006D
:10982000002104F0F1FD144804F018FF00BF206887
:109830004078032804D100BF0DA0FAF719FB00BF40
:1098400000BFBDE8F08100BF0BE000BF00BF0BA070
:10985000FAF70EFB00BF00BF6FF0050500BF00BFA9
:1098600000BF00BF257100BFEBE70000959800081E
:109870007374617465210000D0010020496E766127
:109880006C6964206E6574636F6E6E2074797065A8
:10989000000000002DE9F047064689469046002763
:1098A000344614B9B81FBDE8F08700BF60780328BC
:1098B00004D000BF28A0FAF7DBFA00BF00BF00BF4A
:1098C000606A48B994F8200000F0040020B900BF95
:1098D00029A0FAF7CDFA00BF00BF606A30B1606A14
:1098E00080F80480606A006800F10C07207800F0BE
:1098F000F000102805D1B8F1000F02D1204604F085
:109900002BFC94F82000012121EA900500BF00BF44
:1099100094F8200000F0FB0084F8200000BF00BF96
:1099200000BF05B137B905B927B100BF22A0FAF7CA
:109930009FFA00BF00BF002060626070A06A20B183
:10994000002202212046A36A984715B1384604F048
:10995000B7FF0020A7E70000636F6E6E2D3E7374A3
:10996000617465203D3D204E4554434F4E4E5F434C
:109970004F4E4E454354000028636F6E6E2D3E637C
:10998000757272656E745F6D736720213D204E5550
:109990004C4C29207C7C20636F6E6E2D3E696E5F7F
:1099A0006E6F6E5F626C6F636B696E675F636F6E25
:1099B0006E65637400000000626C6F636B696E67B4
:1099C00020636F6E6E6563742073746174652065C7
:1099D00072726F720000000070B5044625460020C8
:1099E00028712868406810B9284602F045FE70BD0D
:1099F0002DE9F04105462C46206801F0B3FB0646F0
:109A000016BB2068406800B32068007800F0F000C2
:109A1000202816D1A068806800B107E0A26811680C
:109A2000226850680AF0BAFF064609E0A768BB89B9
:109A300007F108023968276878680AF0E7FF0646E8
:109A400002E06FF00A0600BF01E06FF00A0626711F
:109A5000BDE8F0812DE9F34F83B00446002001906A
:109A600000BF24B900BFA0A0FAF702FA00BF00BFF0
:109A700000BF6078012804D000BF9FA0FAF7F8F972
:109A800000BF00BF00BF606A20B900BFA2A0FAF704
:109A9000EFF900BF00BF00BF606820B900BFA5A0FC
:109AA000FAF7E6F900BF00BF00BF606A816940694C
:109AB000814204D300BFA5A0FAF7DAF900BF00BFC6
:109AC00000BF606A8089002804DC00BFAFA0FAF7FD
:109AD000CFF900BF00BF606A077F94F8200000F054
:109AE000020010B907F0040008B1012000E00020D6
:109AF000814600BF606A80680168606A0069084446
:109B00000290606A80684168606A0069A1EB0008A1
:109B1000B8F5803F04D34FF6FF7647F0020701E027
:109B20001FFA88F66068B0F864B0B3450FDA5E4695
:109B3000B9F1000F09D056B9606A806910B96FF0A9
:109B4000060000E0002005465AE047F0020700BF8B
:109B5000606A00693044616A89684968884204D94A
:109B600000BF94A0FAF784F900BF00BF4FF6FF7062
:109B7000864202D1B8F5803F07D21FFA88F0B04282
:109B800008D1606A8089012804DD0120009047F037
:109B9000020701E0002000903B46324660680299CF
:109BA00009F02CFD054615BB606A80698119606A61
:109BB0008161606A00698119606A0161606A006997
:109BC000616A89684968884211D1606A8089401E4B
:109BD00081B2606A8181606A8089002807DD606ADD
:109BE00080680830616A88600021606A01610098BD
:109BF00010B1002D3FF47EAF0DB1681C48BB00BF13
:109C0000B9F1000F12D0606A8169406981420DD2BA
:109C1000A06A20B1002203212046A36A984794F845
:109C2000200040F0100084F8200012E06068B0F8D6
:109C3000640041F65E71884204DD6068B0F8660039
:109C40002C2806DBA06A20B1002203212046A36A4B
:109C50009847A5B9606A81694069814202D0B9F12B
:109C6000000F01D001200190606806F027FE8246B7
:109C70000AF1040010B95546012001901CE0681C4F
:109C8000C0B9606806F01AFE82460AF1040018B9ED
:109C90005546012001900CE0B9F1000F09D0606A2F
:109CA000806910B96FF0060000E000200546012031
:109CB000019001E001200190019870B1606A006894
:109CC00000F10C0A606A05710020606260700498FF
:109CD00010B1504604F0F4FD04E04FF0FF3005B041
:109CE000BDE8F08F0020FAE7636F6E6E20213D2003
:109CF0004E554C4C00000000636F6E6E2D3E737429
:109D0000617465203D3D204E4554434F4E4E5F5794
:109D10005249544500000000636F6E6E2D3E63751E
:109D20007272656E745F6D736720213D204E554CD5
:109D30004C000000636F6E6E2D3E7063622E746384
:109D40007020213D204E554C4C000000636F6E6E1C
:109D50002D3E63757272656E745F6D73672D3E6D17
:109D600073672E772E6F6666736574203C20636F71
:109D70006E6E2D3E63757272656E745F6D73672DC6
:109D80003E6D73672E772E6C656E0000636F6E6E8E
:109D90002D3E63757272656E745F6D73672D3E6DD7
:109DA00073672E772E766563746F725F636E7420AF
:109DB0003E2030006C7769705F6E6574636F6E6E05
:109DC0005F646F5F77726974656D6F72653A206961
:109DD0006E76616C6964206C656E67746821000042
:109DE00010B5044614F10F0F09D014F10E0F04D072
:109DF00014F10D0F05D1084810BD0848FCE70848CC
:109E0000FAE700BF24B100BF06A0FAF731F800BF9F
:109E100000BF0020F0E700008C7E01088D7E010865
:109E20008E7E0108756E68616E646C656420657273
:109E3000726F720088B080464446002500260027D5
:109E400083E1C2480078012804D0022813D00528F5
:109E500079D170E100206060A060E0606060A06087
:109E6000E0600220B9490870B9A0FAF701F820466D
:109E7000FCF712F864E12046FCF792F8002863D062
:109E80000320B2490870BC4845688668C768201D31
:109E9000FEF750FB82465246B8A103A8F9F7F8FF37
:109EA00003A9B7A0F9F7E4FF002D4BD00220BF496A
:109EB0008875084640790979BC4AD278CDE90021F5
:109EC0000290BA48837842780178B9A0F9F7D0FFB8
:109ED000290EB6484173290C0173290AC172014643
:109EE0008D72407B00900846037BC27A817ABEA0C7
:109EF000F9F7BEFF310EAD484174310C0174310ADF
:109F0000C17301468E73407C00900846037CC27B7F
:109F1000817BC1A0F9F7ACFF390EA4484175390C1B
:109F20000175390AC17401468F74407D009008465E
:109F3000037DC27C817CC4A0F9F79AFF9B488169AC
:109F400002208847F6E0FAE0D4F8249099F8060059
:109F50000128F7DD04207D490870FF2093498875AA
:109F60000846807A01069148C07A41EA00418F484C
:109F7000007B41EA00208D49497B084302068B485B
:109F8000807A01068948C07A41EA00418748007B0F
:109F900041EA00218548407B014301F47F4042EAC9
:109FA00000228248807A01068048C07A41EA004156
:109FB0007E48007B41EA00207C49497B084300F44D
:109FC0007F0042EA10227948807A01067748C07AF9
:109FD00041EA00417548007B41EA00207349497B12
:109FE000084342EA1060644948607048807B01067B
:109FF0006E48C07B41EA00416C48007C41EA002089
:10A000006A49497C084302066848807B0106674824
:10A01000C07B41EA00416548007C41EA0021634879
:10A02000407C014301F47F4042EA00225F48807B8C
:10A0300001065E48C07B41EA00415C48007C41EA81
:10A0400000205A49497C084300F47F0042EA10226C
:10A050005648807B01065548C07B41EA0041534881
:10A06000007C41EA00215148407C014342EA1160F2
:10A07000414988604D48807C01064C48C07C41EADB
:10A0800000414A48007D41EA00204849497D084393
:10A0900002064648807C01064448C07C41EA0041F3
:10A0A0004248007D41EA00204049497D084300F4D0
:10A0B0007F4042EA00223D48807C01063B48C07C4C
:10A0C00041EA00413948007D41EA00213748407D9E
:10A0D000014301F47F0042EA10223448807C0106EB
:10A0E0003248C07C41EA00413048007D41EA00210D
:10A0F0002E48407D014342EA11601F49C86001F1CA
:10A100000C031A1F091D204601F0B2FA201DFEF7AC
:10A1100011FA8246524619A103A8F9F7B9FE56A0D2
:10A12000F9F7A6FE03A959A0F9F7A2FE1F48816915
:10A130000220884704E000200449087000E000BFC6
:10A1400000BF4FF47A700CF003FA7AE6B0020020F8
:10A1500053746174653A204C6F6F6B696E6720664B
:10A160006F72204448435020736572766572202ECA
:10A170002E2E0D0A000000008065012025730000CE
:10A1800049502061646472657373206173736967F9
:10A190006E656420627920612044484350207365D5
:10A1A000727665723A2025730D0A000064650120FD
:10A1B000CDF8BFA8656EB5C44D4143B5D8D6B7CE6E
:10A1C000AA3A2E2E2E2E2E2E2E2E2E2E2E2E2E2E27
:10A1D0002E2E25642E25642E25642E25642E2564BE
:10A1E0002E25640D0A000000CDA8B9FD4448435057
:10A1F000BBF1C8A1B5BD4950B5D8D6B72E2E2E2E6D
:10A200002E2E2E2E2E2E2E2E2E2E25642E25642E14
:10A2100025642E25640D0A00CDA8B9FD444843509D
:10A22000BBF1C8A1B5BDD7D3CDF8D1DAC2EB2E2E84
:10A230002E2E2E2E2E2E2E2E2E2E25642E25642EE4
:10A2400025642E25640D0A00CDA8B9FD444843506D
:10A25000BBF1C8A1B5BDB5C4C4ACC8CFCDF8B9D8A1
:10A260002E2E2E2E2E2E2E2E2E2E25642E25642EB4
:10A2700025642E25640D0A00444843502054696D1E
:10A28000656F7574202121200D0A000053746174DC
:10A29000696320495020616464726573733A2025B4
:10A2A000730D0A0008B56946084800680CF0CCFE3A
:10A2B00000BF009838B14FF0805005490860BFF3E7
:10A2C0004F8FBFF36F8F00BF08BD0000AC020020AE
:10A2D00004ED00E0F8B505460A462B460020009044
:10A2E000002103F0010636B1002A04DD13F8010B4A
:10A2F0008DF80100521E1C4603E034F8027B3944FD
:10A30000921E012AF9DC002A02DD20788DF8000077
:10A31000BDF80000014488B200EB114188B200EBA7
:10A32000114126B1C8B2C1F3072747EA002188B21C
:10A33000F8BD000038B5044604F0010028B134A08F
:10A34000F9F796FD35A0F9F793FD04F00200002817
:10A350005DD037A0F9F78CFD3B48807D02281ED1E7
:10A360003948407B00903848037BC27A817A37A015
:10A37000F9F77EFD3448407D00903348037DC27C70
:10A38000817C38A0F9F774FD2F48407C00902E485E
:10A39000037CC27B817B39A0F9F76AFD1DE02A4866
:10A3A000407B00902848037BC27A817A39A0F9F774
:10A3B0005FFD2548407D00902348037DC27C817C61
:10A3C0003AA0F9F755FD2048407C00901E48037CD8
:10A3D000C27B817B29A0F9F74BFD1B48407A009096
:10A3E0001948037AC279817936A0F9F741FD41F61F
:10A3F00099713AA0F9F73CFDFDF716F805461DB135
:10A4000039A0F9F735FD02E03DA0F9F731FD38BD7F
:10A4100053544D3332463430372E0A004F70656E38
:10A42000696E672048616E6445786F2E2E2E0A0093
:10A430006C77495020496E69742053756363657366
:10A440007365642E0A00000064650120444843508F
:10A450002049503A25642E25642E25642E25640A51
:10A4600000000000444843502047573A25642E25F9
:10A47000642E25642E25640A000000004E455420F9
:10A480004D41534B3A25642E25642E25642E2564B8
:10A490000A0000005374617469632049503A2564CE
:10A4A0002E25642E25642E25640A000053746174E1
:10A4B00069632047573A25642E25642E25642E258E
:10A4C000640A000052656D6F74652049703A256416
:10A4D0002E25642E25642E25640A0000506F7274A8
:10A4E0003A2025640A00000045746865726E657440
:10A4F0002053706565643A3130304D0A0000000029
:10A5000045746865726E65742053706565643A3190
:10A51000304D0A0010B5F8F783FA0723022208210C
:10A520004FF4A87004F014FAA820FAF7A5F94FF434
:10A53000E1300AF08DFC0748416854208847FEF757
:10A54000AFFBFEF73BFBF9F797F9FDF73BF900206E
:10A5500010BD0000AC00002070B5054615B900BF65
:10A5600000BF70BD05F0030088B100BF00BF38A078
:10A57000F9F77EFC00BF00BF00BF00BF00BF03F0C3
:10A580003DFF0646304603F097FF00BFE9E7A5F11F
:10A59000080438480068844205D305F10C003649A8
:10A5A0000968884211D900BF00BF34A0F9F760FCE8
:10A5B00000BF00BF00BF00BF00BF03F01FFF064683
:10A5C000304603F079FF00BFCBE7334804F046F88C
:10A5D0002079A0B900BF00BF30A0F9F749FC00BF47
:10A5E00000BF2D4804F09CF800BF00BF00BF03F07F
:10A5F00005FF0646304603F05FFF00BFB1E7204687
:10A6000000F0C6F8A0B900BF00BF2EA0F9F730FCDB
:10A6100000BF00BF204804F083F800BF00BF00BFA8
:10A6200003F0ECFE0646304603F046FF00BF98E715
:10A630000020207130480068844201D22E48046016
:10A64000204602F06DF8144804F06AF800BF88E76D
:10A650006D656D5F667265653A2073616E697479C8
:10A6600020636865636B20616C69676E6D656E74ED
:10A6700000000000E0010020E40100206D656D5F36
:10A68000667265653A20696C6C6567616C206D6502
:10A690006D6F727900000000E80100206D656D5F4C
:10A6A000667265653A20696C6C6567616C206D65E2
:10A6B0006D6F72793A20646F75626C6520667265A1
:10A6C000650000006D656D5F667265653A20696CB6
:10A6D0006C6567616C206D656D6F72793A206E6F85
:10A6E0006E2D6C696E6B65643A20646F75626C6583
:10A6F0002066726565000000EC01002010B500BF07
:10A7000000BF174820F00300164908600846046897
:10A710004FF4C84020800020608020714FF4C84072
:10A7200002F0C6FE104908600120096808714FF464
:10A73000C8400D49096808800B49096848800948E4
:10A7400000680A4908600A4803F0CCFF30B100BF36
:10A7500000BF08A0F9F78CFB00BF00BF10BD0000D0
:10A760005B750020E0010020E4010020EC010020E6
:10A77000E80100206661696C656420746F20637273
:10A7800065617465206D656D5F6D75746578000039
:10A790002DE9F0410446204600F046F905462088A0
:10A7A00002F086FE0646608802F082FE0746208898
:10A7B000B0F5C84F10D86088B0F5C84F0CD8608885
:10A7C000A84202D03888A84206D1064800688642CE
:10A7D00005D07088A84202D00020BDE8F081012099
:10A7E000FBE70000E40100202DE9F0478146B9F1C4
:10A7F000000F02D10020BDE8F08709F1030020F02E
:10A80000030085B20C2D00D20C25B5F5C84F01D838
:10A810004D4501DA0020EEE7534803F01FFF53488F
:10A82000006800F001F9064692E0304602F040FE72
:10A830000446207900286AD1218806F10800081A08
:10A84000A84264D3218806F10800091A05F1140012
:10A85000814225D306F1080028441FFA80F800BF82
:10A86000B8F5C84F04D100BF41A0F9F701FB00BF04
:10A8700000BF404602F01CFE0746002139712188C6
:10A8800039807E80A4F80080012020713888B0F5DE
:10A89000C84F07D0388802F00BFEA0F8028001E014
:10A8A0000120207131480068844223D12F48D0F81C
:10A8B00000A004E0BAF8000002F0FAFD82469AF81F
:10A8C000040018B12F4800688245F3D12748C0F82A
:10A8D00000A000BF00682B490968884208D02348BF
:10A8E0000068007920B100BF27A0F9F7C1FA00BFC6
:10A8F00000BF00BF1C4803F013FF00BF04F10800B5
:10A90000284420490968884206D900BF00E01BE0BE
:10A9100024A0F9F7ADFA00BF00BF00BF04F00300A8
:10A9200020B100BF2BA0F9F7A3FA00BF00BF00BF02
:10A9300004F0030020B100BF32A0F9F799FA00BF7C
:10A9400000BF04F1080056E7304602F0B1FD06886A
:10A95000C5F5C840B0423FF668AF034803F0E0FEDB
:10A9600000BF00BF002046E7E8010020EC01002006
:10A97000696E76616C6964206E657874207074729B
:10A9800000000000E40100206D656D5F6D616C6C7E
:10A990006F633A20216C667265652D3E7573656440
:10A9A000000000006D656D5F6D616C6C6F633A2037
:10A9B000616C6C6F6361746564206D656D6F727935
:10A9C000206E6F742061626F76652072616D5F65C5
:10A9D0006E642E006D656D5F6D616C6C6F633A2007
:10A9E000616C6C6F6361746564206D656D6F727905
:10A9F0002070726F7065726C7920616C69676E652A
:10AA0000642E00006D656D5F6D616C6C6F633A2044
:10AA100073616E69747920636865636B20616C692A
:10AA2000676E6D656E740000014602480088081A62
:10AA300080B27047E00100202DE9F84F81468B4637
:10AA40000BF1030020F0030085B20C2D00D20C2581
:10AA5000B5F5C84F01D85D4502DA0020BDE8F88F92
:10AA600000BF55480068814503D3544800688145BC
:10AA700004D300BF52A0F9F7FBF900BF00BF4E4856
:10AA80000068814503D34D48006881450BD300BF62
:10AA900000BF00BF03F0B2FC0090009803F00CFD73
:10AAA00000BF4846DAE7A9F108063046FFF7BCFFC9
:10AAB00007463188C81B08381FFA80FA00BF554581
:10AAC00004DD00BF44A0F9F7D3F900BF00BF55452E
:10AAD00001DD0020C2E7554501D14846BEE74648A2
:10AAE00003F0BCFD308802F0E3FC0446207978BB1B
:10AAF00000BF3088B0F5C84F04D100BF3FA0F9F7C0
:10AB0000B7F900BF00BF2088009007F10800284473
:10AB10001FFA80F83E480068A04204D1404602F087
:10AB2000C7FC3B490860404602F0C2FC04460020D6
:10AB30002071009820806780A6F800802088B0F5FA
:10AB4000C84F04D0208802F0B3FCA0F802802EE0A9
:10AB5000FFE705F11400504529D807F10800284403
:10AB60001FFA80F800BF3088B0F5C84F04D100BF8D
:10AB700022A0F9F77DF900BF00BF404602F098FC23
:10AB8000044623480068844201D221480460002022
:10AB90002071308820806780A6F800802088B0F57A
:10ABA000C84F04D0208802F083FCA0F8028012482D
:10ABB00003F0B6FD484651E7E0010020E401002023
:10ABC0006D656D5F7472696D3A206C6567616C20AC
:10ABD0006D656D6F727900006D656D5F7472696D82
:10ABE0002063616E206F6E6C7920736872696E6B82
:10ABF000206D656D6F727900E8010020696E7661E5
:10AC00006C6964206E6578742070747200000000B6
:10AC1000EC01002070B504460D4600BF0E2C05DB8C
:10AC200000BF08A0F9F724F900BF70BD00BF05B947
:10AC3000FBE70B4951F824002946FBF78BFC00BFCA
:10AC4000F3E700006D656D705F667265653A2074AC
:10AC5000797065203C204D454D505F4D41580000B6
:10AC6000707F010810B5002406E0054951F8240062
:10AC700000F008F8601C84B20E2CF6D310BD000062
:10AC8000707F010810B50023C46823608368DB1C53
:10AC900023F00301002207E0C3681B680B60C36850
:10ACA000196083881944521CC3889342F4DC10BD98
:10ACB00070B5044600BF0E2C06DB00BF07A0F9F7F5
:10ACC000D7F800BF002070BD00BF0C4951F8240028
:10ACD000FBF76CFC05462846F5E700006D656D70D6
:10ACE0005F6D616C6C6F633A2074797065203C20F5
:10ACF0004D454D505F4D415800000000707F0108E8
:10AD00002DE9F04104460E461548005D38B9144857
:10AD100020380168204688470120BDE8F0811148AD
:10AD200050F82400B04219D90F4850F82400B6FB5F
:10AD3000F0F10B480C3850F8240030F811200025B1
:10AD400008E0002306480C3850F824004F1920F87A
:10AD500017306D1C9542F4DB0020DEE70220DCE7B3
:10AD6000C0010020807E0108747E010830B50446D1
:10AD70000225084951F8241001FB05F2064951F853
:10AD80002400002100F07EF8012103480C30015519
:10AD900030BD0000687E0108B40100202DE9F047B5
:10ADA00004460F460025A9462348005D20B92248E5
:10ADB00020380168204688471FB94FF0FF30BDE8B2
:10ADC000F0871E4850F82400B7FBF0F61B4850F8F7
:10ADD0002400B7FBF0F100FB117000B1761C18489D
:10ADE00050F82400451E22E013480C3850F8240087
:10ADF00030F8150010B909F1010901E04FF0000920
:10AE0000B14513D14FF0000809E00B480C3850F859
:10AE1000240005EB080220F8126008F10108B04593
:10AE2000F3D3064850F824006843C8E76D1E002D90
:10AE3000DADA4FF0FF30C2E7C0010020747E01086B
:10AE4000687E010810B501460023002207E00B4888
:10AE500050F8210030F8120000B15B1C521C084869
:10AE600050F821009042F2D84FF47A705843044CC5
:10AE700054F82140B0FBF4F080B210BDB4010020C2
:10AE8000687E010830B5034601E003F8011B141E7B
:10AE9000A2F10102F9D130BD70B505460C4604B9E6
:10AEA00070BD054850F82500261A31462846FFF7A0
:10AEB00027FF00BFF4E70000A801002070B504469A
:10AEC0000E4631462046FFF769FF0546681C08B963
:10AED000002070BD024850F824002844F9E7000023
:10AEE000A801002070B504460D4600BF34B900BF6C
:10AEF00013A0F8F7BDFF00BF002070BD00BF2068A1
:10AF000010B1206801F0E4F84FF420722946362091
:10AF100000F008FD2060206808B90020EDE700BFC0
:10AF200020684089A84204DA00BF0CA0F8F7A0FF0F
:10AF300000BF00BF2068606020684068DDE7000057
:10AF40006E65746275665F616C6C6F633A20696EE2
:10AF500076616C69642062756600000063686563F1
:10AF60006B207468617420666972737420706275F6
:10AF7000662063616E20686F6C642073697A650077
:10AF800010B504465CB1206828B1206801F0A0F833
:10AF900000206060206021460620FFF73BFE10BDC8
:10AFA00010B50620FFF784FE044624B1002020607F
:10AFB0006060A060E060204610BD00002DE9F04117
:10AFC00005460F464FF000080720FFF771FE0446C4
:10AFD00014B90020BDE8F081002020722570606067
:10AFE00005F0F000102803D0202803D10A2609E03C
:10AFF0000A2607E000BF00BF15A0F8F739FF00BF21
:10B0000000BF1FE000BF314604F1100003F0B0FAAA
:10B0100000B117E0002104F10C0003F0F1FB20B1B6
:10B0200004F1100003F07AFA0CE000206061607017
:10B03000401EA061A76200206062E06184F8208069
:10B040002046C7E721460720FFF7E4FD0020C1E7BF
:10B050006E6574636F6E6E5F616C6C6F633A2075C2
:10B060006E646566696E6564206E6574636F6E6E8E
:10B070005F7479706500000070B506460C46FA20D2
:10B080002071206800F10C022146304609F0A0F83A
:10B09000054615B994F9040070BD2846FCE7000088
:10B0A000F0B589B004460D46164600BF44B900BF4E
:10B0B0000AA0F8F7DDFE00BF6FF00F0009B0F0BD89
:10B0C00000BF05B90C4D01940395ADF8106001A9BE
:10B0D0000A48FFF7D1FF07463846EFE76E6574630D
:10B0E0006F6E6E5F62696E643A20696E76616C693C
:10B0F0006420636F6E6E00002C8001083D94000890
:10B10000F0B589B004460D46164600BF44B900BFED
:10B110000AA0F8F7ADFE00BF6FF00F0009B0F0BD58
:10B1200000BF05B90D4D01940395ADF8106001A95C
:10B130000B48FFF7A1FF07463846EFE76E657463DB
:10B140006F6E6E5F636F6E6E6563743A20696E76C4
:10B15000616C696420636F6E6E0000002C800108D2
:10B160004D97000870B504460CB9002070BD03F07F
:10B1700045F9064694F9085000202072304603F045
:10B180009BF92846F2E700002DE9F04188B0074618
:10B190000D46164631463846FFF710FF0446002C90
:10B1A00048D08DF80850009469462348FFF764FFA3
:10B1B0008046B8F1000F3CD000BF606820B100BFEE
:10B1C0001EA0F8F755FE00BF00BF00BF04F110003D
:10B1D00008B1206920B900BF21A0F8F749FE00BFDF
:10B1E00000BF00BF04F1140030B1606920B100BF9E
:10B1F00021A0F8F73DFE00BF00BF00BF04F10C0026
:10B2000008B1E06820B900BF24A0F8F731FE00BF04
:10B2100000BF04F10C0003F0C9FA04F1100003F0C0
:10B220007DF921460720FFF7F5FC002008B0BDE8B6
:10B23000F08100BF2046F9E7D9990008667265657C
:10B24000696E6720636F6E6E20776974686F7574BE
:10B250002066726565696E67207063620000000099
:10B26000636F6E6E20686173206E6F207265637607
:10B270006D626F7800000000636F6E6E2D3E61633B
:10B28000636570746D626F782073686F756C646E3F
:10B29000277420657869737400000000636F6E6E18
:10B2A00020686173206E6F206F705F636F6D706CCC
:10B2B000657465640000000070B588B004460D46F2
:10B2C00000BF44B900BF0AA0F8F7D2FD00BF6FF07D
:10B2D0000F0008B070BD00BF00BF00BF0094029512
:10B2E00069460A48FFF7C8FE06463046F1E7000007
:10B2F0006E6574636F6E6E5F73656E643A20696E1F
:10B3000076616C696420636F6E6E0000F1990008CD
:10B310002DE9F05F04460E4617469846DDE90AB966
:10B3200000BF3CB900BF4AA0F8F7A2FD00BF002053
:10B33000BDE8F09F00BF00BFB9F1000F06D100BF0C
:10B340004AA0F8F795FD00BF0020F1E700BF06B95D
:10B350004F4E07B94E4FB8F1000F01D1DFF83081E1
:10B3600000206060A060E0604A48606100202085A5
:10B3700084F831006062E061C4F820B0464800788B
:10B3800084F834000C98206143463A463146204602
:10B3900000F06EF92046C84708B10020C8E700BF9A
:10B3A00094F83400FF2802D1002084F834004FF0D4
:10B3B000000A3A48056821E000BFA54204D100BF59
:10B3C00037A0F8F755FD00BF00BF0AF1010A00BF22
:10B3D000BAF1FF0F04DD00BF36A0F8F749FD00BF4A
:10B3E00000BF95F8340094F83410884205D194F8E1
:10B3F0003400401C84F8340002E02D68002DDBD1BD
:10B4000000BF002DCCD194F83400FE2803D10020D9
:10B410002149087004E094F83400401C1E4908706B
:10B420001E48006820601D48046000BF00BF00BFC8
:10B4300000BF00BF00BF00BF00BF00BF00BF00BF14
:10B4400000BF00BF00BF00BF00BF204670E7000084
:10B450006E657469665F6164643A20696E76616CDA
:10B460006964206E65746966000000006E65746929
:10B47000665F6164643A204E6F20696E697420666D
:10B48000756E6374696F6E20676976656E00000083
:10B490002C80010869B60008300200202802002034
:10B4A0006E6574696620616C72656164792061649F
:10B4B00064656400746F6F206D616E79206E6574D1
:10B4C0006966732C206D61782E20737570706F72B1
:10B4D000746564206E756D62657220697320323503
:10B4E0003500000070B504460D462946204605F09B
:10B4F00023F92946204609F0A1F970BD10B503468D
:10B500000868DC68A04201D1012000E0002040B9B9
:10B5100009B9002000E00868D86000BF00BF012022
:10B5200010BD0020FCE70000F8B505460C461646A5
:10B5300000BF24B900BF16A0F8F79AFC00BF00BFF7
:10B5400000BF26B900BF12A0F8F792FC00BF00BFF1
:10B5500020686968884201D1012000E00020A0B97C
:10B56000206800906868306000BF00BF69463046C0
:10B57000FFF7B8FF0CB9002000E0206868600121E7
:10B58000284600F039F80120F8BD0020FCE7000053
:10B59000696E76616C696420706F696E74657200A3
:10B5A00010B5034608689C68A04201D1012000E064
:10B5B000002040B909B9002000E00868986000BF89
:10B5C00000BF012010BD0020FCE7000002466AB168
:10B5D0000748016808E091F83400401CC0B290426E
:10B5E00001D10846704709680029F4D10020F9E725
:10B5F000280200207047000070B504460D4600BFC9
:10B6000024B900BF0FA0F8F733FC00BF00BF94F8C7
:10B61000310000F0040020B194F8310000F0010086
:10B6200000B970BD05F0010050B1606840B194F8F8
:10B63000310000F0080018B1211D2046FBF7DEFDA7
:10B6400000BFEEE76E657469665F69737375655F69
:10B650007265706F7274733A20696E76616C69649A
:10B66000206E65746966000003466FF00B0070473A
:10B670002DE9F84F80460C4615461E464FF000094E
:10B68000CA4604B9114C05B9104D06B90F4E0CB19C
:10B69000206808B9012000E00020074627B16A466B
:10B6A00021464046FFF740FF4A4629464046FFF7FD
:10B6B00077FF524631464046FFF720FF27B96A46DA
:10B6C00021464046FFF730FFBDE8F88F2C80010887
:10B6D0000249086000BF00BF704700002C02002034
:10B6E00010B5044600BF2CB900BF0EA0F8F7C0FB90
:10B6F00000BF10BD00BF94F8310000F0010078B128
:10B7000000BF94F8310000F0FE0084F8310000BF63
:10B7100094F8310000F0080010B12046FBF740F823
:10B7200000BFE6E76E657469665F7365745F646F9A
:10B73000776E3A20696E76616C6964206E65746913
:10B740006600000000B1C1617047000010B50446FA
:10B7500000BF2CB900BF0EA0F8F78AFB00BF10BDD8
:10B7600000BF94F8310000F0040070B100BF94F8FD
:10B77000310000F0FB0084F8310000BF00BFE06939
:10B7800010B12046E169884700BF00BFE7E700002D
:10B790006E657469665F7365745F6C696E6B5F6418
:10B7A0006F776E3A20696E76616C6964206E65749D
:10B7B0006966000010B5044600BF2CB900BF11A097
:10B7C000F8F756FB00BF10BD00BF94F8310000F041
:10B7D0000400A8B900BF94F8310040F0040084F8D8
:10B7E000310000BF2046F9F7BFFC03212046FFF7D8
:10B7F00003FF00BFE06910B12046E169884700BF40
:10B8000000BFE0E76E657469665F7365745F6C69BD
:10B810006E6B5F75703A20696E76616C6964206E3C
:10B82000657469660000000010B5044600BF2CB9BD
:10B8300000BF0CA0F8F71CFB00BF10BD00BF94F8C0
:10B84000310000F0010058B900BF94F8310040F019
:10B85000010084F8310000BF03212046FFF7CCFE31
:10B8600000BFEAE76E657469665F7365745F757043
:10B870003A20696E76616C6964206E657469660051
:10B8800070B504460D4600222946204600F002F815
:10B8900070BD00002DE9F04704460D46904600BFFC
:10B8A00024B900BF1CA0F8F7E3FA00BF00BF14B131
:10B8B000B5F5803F02D30120BDE8F0870DB9002027
:10B8C000FAE7AEB22089304480B2B04201DA0120FA
:10B8D000F2E794F80C9009F0800048B16068471BCB
:10B8E00004F1100087420BD200BF00BF0120E3E744
:10B8F000B8F1000F02D06068471B01E00120DBE7D0
:10B9000000BF00BF67606089304460812089304497
:10B9100020810020D0E700007020213D204E554CB2
:10B920004C0000002DE9FE4F82460E4690465746D9
:10B9300000BF00BFB8F1010F0AD0B8F1410F06D027
:10B94000B8F5C17F0BD0B8F5207F7AD161E000BF98
:10B9500042463146002000F0FBF804469CE00024FB
:10B9600000200290B14600BF0D20FFF7A1F9054667
:10B9700035B914B1204600F0ABFB0020BDE8FE8FC6
:10B98000F81C20F0030040F2EC51081A80B2484540
:10B9900001DD484606E0F81C20F0030040F2EC51BF
:10B9A000081A80B283460020CDE9008005F110001E
:10B9B0003844C01C20F003015B464A46284600F08C
:10B9C0003DFC00BF287900F0030020B100BF35A086
:10B9D000F8F74EFA00BF00BF00BFF81C20F00300CC
:10B9E00040F2EC51081A04D100BF3AA0F8F740FA2F
:10B9F00000BF00BF0CB92C4601E00298056002951B
:10BA0000A9EB0B001FFA80F90027B9F1000FABDC9E
:10BA100042E0F81C20F00301F01C20F00300084471
:10BA200085B205F110001FFA80F9F01C20F0030028
:10BA3000A84204D8F01C20F00300484502D9002099
:10BA40009CE720E04846FEF7CFFE04460CB90020F4
:10BA500094E70020CDE9008004F110003844C01CB8
:10BA600020F0030133463246204600F0E7FB00BFDA
:10BA7000207900F0030020B100BF23A0F8F7F8F907
:10BA800000BF00BF08E000BF00BF2AA0F8F7F0F930
:10BA900000BF00BF002071E700BF00BF00BF20460D
:10BAA0006CE70000706275665F616C6C6F633A20D2
:10BAB0007062756620712D3E7061796C6F616420D3
:10BAC00070726F7065726C7920616C69676E656405
:10BAD00000000000504255465F504F4F4C5F4255AA
:10BAE0004653495A45206D7573742062652062691A
:10BAF00067676572207468616E204D454D5F414CEB
:10BB000049474E4D454E5400706275665F616C6CDE
:10BB10006F633A20706275662D3E7061796C6F615B
:10BB2000642070726F7065726C7920616C69676EE9
:10BB300065640000706275665F616C6C6F633A20CB
:10BB40006572726F6E656F75732074797065000031
:10BB50002DE9FC4107460D46144600BF412C06D096
:10BB6000012C04D000BF0DA0F8F782F900BF00BF80
:10BB70000C20FFF79DF8064626B900BF00BF002045
:10BB8000BDE8FC8100202B462A463946CDE900401D
:10BB9000304600F053FB3046F2E70000696E7661F4
:10BBA0006C696420706275665F747970650000006E
:10BBB0002DE9FC5F06460C4617469846DDE90C9BCE
:10BBC000B24600BF00BF0AF1030020F0030020448A
:10BBD000584504D900BF00BF0020BDE8FC9FB9F163
:10BBE000000F06D00AF1030020F0030000EB090566
:10BBF00000E000250220234622462946CDE90070B8
:10BC0000404600F01BFB4046E7E7000070B50646E3
:10BC10000D4600BF06B12DB900BF15A0F8F728F9F1
:10BC200000BF70BD00BF344604E020892989084464
:10BC30002081246820680028F7D100BF208961890D
:10BC4000884204D000BF18A0F8F712F900BF00BF67
:10BC500000BF206820B100BF1FA0F8F709F900BF9E
:10BC600000BF2089298908442081256000BFD8E7CA
:10BC7000286820213D204E554C4C2920262620287E
:10BC80007420213D204E554C4C29202870726F673E
:10BC900072616D6D65722076696F6C617465732079
:10BCA0004150492900000000702D3E746F745F6C94
:10BCB000656E203D3D20702D3E6C656E20286F66C0
:10BCC000206C617374207062756620696E206368F1
:10BCD00061696E2900000000702D3E6E6578742049
:10BCE0003D3D204E554C4C0070B505460C46214656
:10BCF0002846FFF78BFF204600F03CFB00BF00BF4B
:10BD000070BD0146002002E0421C90B20968002983
:10BD1000FAD170472DE9F04180460E46144621893C
:10BD200032464046FFF7FEFD074617B90020BDE842
:10BD3000F0812146384600F015F8054600BF25B1D0
:10BD400000BF03A0F8F794F800BF00BF3846EEE745
:10BD5000706275665F636F7079206661696C656497
:10BD60000000000070B505460C4600BF00BF00BFD4
:10BD70003CB900BF07A0F8F77BF800BF6FF00F00D9
:10BD800070BD00BF228900232146284600F07CF8C0
:10BD9000F6E70000706275665F636F70793A20693C
:10BDA0006E76616C696420736F7572636500000064
:10BDB0002DE9F05F8046894616461D464FF0000A81
:10BDC000D34600BFB8F1000F07D100BF1DA0F8F7A0
:10BDD0004FF800BF0020BDE8F09F00BF00BFB9F1E1
:10BDE000000F06D100BF1FA0F8F742F800BF0020E7
:10BDF000F1E700BF444620E035B16089A84203DC8A
:10BE00006089281A85B217E06089401B87B2B74263
:10BE100000DD37466268511909EB0A003A46F4F72B
:10BE20007DFA0BEB07001FFA80FB0AEB07001FFAF5
:10BE300080FAF01B86B2002524680EB1002CDBD1FD
:10BE40005846C8E7706275665F636F70795F7061AE
:10BE5000727469616C3A20696E76616C6964206203
:10BE600075660000706275665F636F70795F706100
:10BE7000727469616C3A20696E76616C69642064E1
:10BE800061746170747200002DE9F05F04460D4624
:10BE900016469A4657464FF0000800BF00BF00BF45
:10BEA00015B12889B04208DA00BF4DA0F7F7E0FFCE
:10BEB00000BF6FF00F00BDE8F09F00BF00BF24B1CE
:10BEC00020890AEB0601884207DA00BF51A0F7F784
:10BED000CFFF00BF6FF00F00EDE700BF00BF60892C
:10BEE000C01B6989A1EB0801884203D36889A0EBD4
:10BEF000080B02E06089A0EB070B5E4501D23046DB
:10BF000000E058461FFA80F96A6802EB080162688F
:10BF1000D0194A46F4F702FA4F44C844A6EB090088
:10BF200086B200BF6089B84204D200BF45A0F7F7CF
:10BF30009FFF00BF00BF00BF6889404504D200BF1B
:10BF400046A0F7F795FF00BF00BF688940450ED8AF
:10BF50004FF000082D6800BF45B93EB100BF46A0B4
:10BF6000F7F786FF00BF6FF00F00A4E700BF6089FE
:10BF7000B8420DD10027246800BF44B93EB100BFCC
:10BF800041A0F7F775FF00BF6FF00F0093E700BF08
:10BF90007DB16889298988420BD100BF286838B1F2
:10BFA00000BF3DA0F7F764FF00BF6FF0050082E718
:10BFB00000BF7CB16089218988420BD100BF206815
:10BFC00038B100BF34A0F7F753FF00BF6FF0050092
:10BFD00071E700BF002E82D100BF00BF00206AE7DA
:10BFE000706275665F636F70795F706172746961AA
:10BFF0006C5F706275663A20636F70795F6C656E16
:10C0000020626967676572207468616E20736F755E
:10C0100072636500706275665F636F70795F7061EF
:10C02000727469616C5F706275663A2074617267E0
:10C030006574206E6F742062696720656E6F756726
:10C04000680000006F66667365745F746F203C3D26
:10C0500020705F746F2D3E6C656E00006F666673B6
:10C0600065745F66726F6D203C3D20705F66726F15
:10C070006D2D3E6C656E0000705F66726F6D2021E5
:10C080003D204E554C4C0000705F746F20213D20C8
:10C090004E554C4C00000000706275665F636F7017
:10C0A000795F7061727469616C5F7062756628296E
:10C0B00020646F6573206E6F7420616C6C6F7720E5
:10C0C0007061636B6574207175657565732100001F
:10C0D0002DE9F047044664B900BF24B900BF33A07E
:10C0E000F7F7C6FE00BF00BF00BF00BF0020BDE8DD
:10C0F000F08700BF00BF002654E002F07FF98246BF
:10C1000000BFA07B002804DC00BF2BA0F7F7B0FE27
:10C1100000BF00BFA07B401E00F0FF0884F80E8027
:10C12000504602F0C9F9B8F1000F37D1276800BFB7
:10C1300000BF207B00F00F05607B00F0020078B1AB
:10C14000A14600BFD9F8100020B900BF20A0F7F722
:10C150008FFE00BF00BF2046D9F81010884719E0B5
:10C16000022D04D121460D20FEF754FD12E0012DD1
:10C1700004D121460C20FEF74DFD0BE01DB92046F1
:10C18000FEF7EAF906E000BF00BF1AA0F7F770FE5D
:10C1900000BF00BF701CC6B23C4602E000BF00BF3B
:10C1A000002400BF002CA8D13046A0E77020213D1C
:10C1B000204E554C4C000000706275665F667265DB
:10C1C000653A20702D3E726566203E2030000000EA
:10C1D00070632D3E637573746F6D5F667265655F26
:10C1E00066756E6374696F6E20213D204E554C4C10
:10C1F00000000000696E76616C696420706275668B
:10C20000207479706500000070B504460D46012267
:10C210002946204600F001F870BD70B505460C4671
:10C220001646002C04DA6142284600F0C7F870BDBB
:10C23000324621462846FFF72DFBF8E770B5DDE9C9
:10C240000445002606604160028143810473457302
:10C25000012686730026C67370BDF8B506460F46E4
:10C2600015466A463946304600F0F0F8044644B1B7
:10C270006089BDF80010884203DDBDF800106068D9
:10C280004554F8BD2DE9F04106460F4600BF26B9DA
:10C2900000BF25A0F7F7ECFD00BF00BF3089B84212
:10C2A00001DCBDE8F0813089C01B1FFA80F83D46F3
:10C2B00034460FE06089281A85B22089A0EB080077
:10C2C0002081246800BF24B900BF1DA0F7F7D0FD6E
:10C2D00000BF00BF6089A842ECDB207B00F00F00AC
:10C2E000B0B96089A84213D0607B00F0020078B931
:10C2F000A088001B284481B22046FEF79DFB04461F
:10C3000000BF24B900BF14A0F7F7B2FD00BF00BF03
:10C31000658160892081206810B12068FFF7D8FE10
:10C320000020206000BFBCE7706275665F726561C7
:10C330006C6C6F633A207020213D204E554C4C00B0
:10C34000706275665F7265616C6C6F633A20712014
:10C35000213D204E554C4C006D656D5F7472696DCA
:10C360002072657475726E65642071203D3D204EAB
:10C37000554C4C0070B50446A4B100BF02F03EF825
:10C380000546A07B401CA073284602F095F800BF2C
:10C3900000BFA07B002804DC00BF03A0F7F768FD06
:10C3A00000BF00BF70BD00007062756620726566D8
:10C3B000206F766572666C6F770000002DE9F041A2
:10C3C00004460D4600BF24B900BF15A0F7F750FD85
:10C3D00000BF00BF14B1B5F5803F02D30120BDE816
:10C3E000F0810DB90020FAE7AEB200BF6089B0421B
:10C3F00006DA00BF0DA0F7F73BFD00BF0120EEE716
:10C4000000BF67686068284460606089801B608145
:10C410002089801B208100BF00BF0020DFE70000D3
:10C420007020213D204E554C4C000000696E637217
:10C43000656D656E745F6D61676E697475646520A6
:10C440003C3D20702D3E6C656E0000002DE9F041F2
:10C4500004460D46164632462946204600F004F8AA
:10C4600007463846BDE8F08130B503460C46214604
:10C47000184603E045894D1BA9B2006810B14589F3
:10C480008D42F7DD02B1118030BD00002DE9F0478B
:10C4900004468846164637464FF0000A00BF44B9A6
:10C4A00000BF2AA0F7F7E4FC00BF6FF00F00BDE863
:10C4B000F08700BF00BFB8F1000F07D100BF29A06F
:10C4C000F7F7D6FC00BF6FF00F00F0E700BF00BF2A
:10C4D0002089B04207DA00BF29A0F7F7C9FC00BFE6
:10C4E0004FF0FF30E3E700BF2CB1B8F1000F02D0EE
:10C4F0002089B04202DA6FF00F00D8E7254617E036
:10C5000000BF25B900BF26A0F7F7B2FC00BF00BFEF
:10C51000B9466889484501D2B5F80A9008EB0A0186
:10C520004A466868F3F7FAFEA7EB0907CA442D6884
:10C53000002FE5D100BF0FB9B24504D000BF1EA047
:10C54000F7F796FC00BF00BF0020B0E77062756689
:10C550005F74616B653A20696E76616C6964206214
:10C5600075660000706275665F74616B653A20697C
:10C570006E76616C6964206461746170747200002D
:10C58000706275665F74616B653A20627566206ED5
:10C590006F74206C6172676520656E6F75676800E7
:10C5A000706275665F74616B653A20696E76616C66
:10C5B0006964207062756600646964206E6F74201F
:10C5C000636F707920616C6C20646174610000009D
:10C5D0002DE9F84F83468846154699466A464946EE
:10C5E0005846FFF733FF0446002C36D02089BDF8AB
:10C5F00000102944884230DB2F46C24600BF6089C4
:10C60000BDF80010884204DC00BF15A0F7F730FC2D
:10C6100000BF00BF6089BDF80010401AA84204DACC
:10C620006089BDF80010401A00E0284686B2BDF8C7
:10C6300000206168881832464146F3F76FFEB81B48
:10C6400087B2B244002F06DD3A4651462068FFF714
:10C650001DFFBDE8F88F0020FBE74FF0FF30F8E743
:10C66000636865636B20706275665F736B697020C9
:10C67000726573756C74000070B50446002500BFC8
:10C680002068406820B100BF1CA0F7F7F1FB00BF95
:10C6900000BF2068007800F0F000102817D0202894
:10C6A00021D1284608F0F0F82168486020684068E9
:10C6B00060B120680078222803D1012021684968F0
:10C6C000087422681549506808F012F90EE02846EF
:10C6D00004F092F8216848602068406810B1206832
:10C6E00001F03AFD02E0FA20207170BD00BF206821
:10C6F000406808B9FF20207100BFF6E77063625FF1
:10C700006E65773A2070636220616C72656164794E
:10C7100020616C6C6F63617465640000ADDF0008BC
:10C720002DE9F041044600BF33480068844204D23A
:10C7300000BF32A0F7F79CFB00BF00BF00BF354829
:10C740000068844204D300BF33A0F7F791FB00BF19
:10C7500000BF00BF207920B100BF36A0F7F788FBEB
:10C7600000BF00BF00BF2088B0F5C84F04D900BF8C
:10C7700037A0F7F77DFB00BF00BF208800F098FED0
:10C780000546AC4219D02879B8B9224800688542DC
:10C7900013D03A480068A84201D13848046028887C
:10C7A00020802888B0F5C84F07D02046FEF73CF916
:10C7B0000746288800F07CFE4780608800F078FEFD
:10C7C0000646A64215D0307998B92C480068A04298
:10C7D00001D12A480660208830802088B0F5C84FF3
:10C7E00007D03046FEF720F90746208800F060FEAB
:10C7F0004780BDE8F0810000E0010020706C7567A3
:10C800005F686F6C65733A206D656D203E3D2072E8
:10C81000616D0000E4010020706C75675F686F6CEB
:10C8200065733A206D656D203C2072616D5F656EA9
:10C8300064000000706C75675F686F6C65733A2008
:10C840006D656D2D3E75736564203D3D20300000A3
:10C85000706C75675F686F6C65733A206D656D2DE0
:10C860003E6E657874203C3D204D454D5F53495ADE
:10C87000455F414C49474E4544000000EC01002013
:10C8800070B505460E462C4600BF24B900BF21A056
:10C89000F7F7EEFA00BF00BF6078012804D101214C
:10C8A0002046FDF7D7F811E0607804280ED1606AC1
:10C8B00040B1606A407A28B1606A407A401EC1B2D5
:10C8C000606A417201212046FCF7DEFD94F82000E9
:10C8D00000F01000E0B16068D0B16068B0F86400AA
:10C8E00041F65E71884213DD6068B0F866002C285E
:10C8F0000EDA00BF94F8200000F0EF0084F820006A
:10C9000000BFA06A20B1002202212046A36A9847F6
:10C91000002070BD636F6E6E20213D204E554C4C43
:10C92000000000002DE9F04105460E462948076841
:10C9300000202949096881F8590027480068001D2E
:10C9400009F086FB50B92448006890F82C100120AB
:10C95000884022490968814320480160681CD8B991
:10C96000D6B11F4948681C49096888601A4982681D
:10C970000968CA6018490968091D8268516016492A
:10C980000968091D8160164A134909684A61114600
:10C990000968491C11601AE07C190F48006844605E
:10C9A000BC4207D20C480168091D0E48006809F016
:10C9B00073FB0CE008480168091D0B48006809F08A
:10C9C0006BFB0A480068844201D208480460BDE855
:10C9D000F0810000D8020020C4020020DC02002008
:10C9E000C8680120CC020020C8020020F402002008
:10C9F00010B5044609F076FB31480068401C304908
:10CA000008603048006840B92E4804600846006855
:10CA100001280DD100F02EFA0AE02B48006838B941
:10CA200028480068C06AE16A884201D82548046045
:10CA300026480068401C2549086008460068606474
:10CA400094F82C10012088402149096808432049A6
:10CA50000860E16A01EB81011E4A02EB810148682E
:10CA6000A0608268E260211D826851608160E16A95
:10CA700001EB8101174A02EB81026261E16A01EB7D
:10CA80008101144A52F82110491CE26A02EB820229
:10CA9000104B43F8221009F071FB0B48006868B195
:10CAA00008480068C06AE16A884207D24FF08050A7
:10CAB00009490860BFF34F8FBFF36F8F10BD0000AF
:10CAC000D4020020C4020020E0020020F002002076
:10CAD000DC020020F865012004ED00E010B509F04B
:10CAE00001FB10480068D0B90F4809F0C5FA0F489B
:10CAF00009F0C2FA0C480E4908600C480D4908605C
:10CB00000022102105200AF0E7F8064908600846CF
:10CB1000006820B108A10348006809F047FC09F04B
:10CB20002DFB10BD0C030020DC680120F068012003
:10CB30000403002008030020546D7251000000001F
:10CB400010B516E009F0CEFA0C48C068C468201D84
:10CB500009F07EFA0A480068401E09490860094841
:10CB60000068401E0749086009F008FB204600F0F5
:10CB70005FF8044800680028E4D110BDB4680120C3
:10CB8000D4020020D002002070B504460D46206C6F
:10CB900070B1216CE0680144E160D4E90210884280
:10CBA00001D32168E1602846226CE168F3F7B6FB07
:10CBB00070BD2DE9F04104460F4615464FF00008C0
:10CBC000A66B206C48B9206800282CD1A0680AF018
:10CBD0008BFE80460020A06025E07DB93946226C9E
:10CBE0006068F3F79BFB216C606808446060D4E9DF
:10CBF0000101884217D32068606014E03946226C36
:10CC0000E068F3F78BFB216CE068411AE160216872
:10CC1000E068884203D2216CA068411AE160022DCD
:10CC200001D106B1761E701CA0634046BDE8F081BC
:10CC300010B50446206B09F0E1FA204609F0DEFA4F
:10CC400010BD01464A6A22B10A6B1268C2F1200087
:10CC500000E00020704700000146084A1268126890
:10CC60000AB9012200E000220A600A6822B9034AD8
:10CC70001268D268106800E00020704704030020AA
:10CC800030B54FF40C43174800F007042CB1C01D19
:10CC900020F00700134C041B1B1B0246124C2260A1
:10CCA0000024114D6C60D018083820F007000F4C9C
:10CCB000206000240D4D2D686C600C4D2D682C609B
:10CCC0001146441A4C60094C24680C60084D4C68AD
:10CCD0002C60084D4C682C604FF00044064D2C60D1
:10CCE00030BD00000469012018030020200300204B
:10CCF00028030020240300203403002000BFFFF796
:10CD00001FFF064800680128F9D94FF080500449F8
:10CD10000860BFF34F8FBFF36F8FF0E7F865012016
:10CD200004ED00E010B5044654B10020A06020607E
:10CD30000021E16000231A46194620460AF092F8C5
:10CD400010BD2DE9F04106460D4617469846069C53
:10CD50000DB9246000E02760E663256401212046C8
:10CD60000AF002F884F850800020A064BDE8F08149
:10CD70002DE9F05F82460F4690469B460A9E0C9C2A
:10CD80004FEA8801A522206BF3F7E8FAA8F1010029
:10CD9000216B01EB800929F0070909F0070008B9A8
:10CDA000012000E0002028B94FF4587224A12DA0E2
:10CDB000F7F75EF887B1002507E0795D04F13400EC
:10CDC0004155785D00B902E06D1C102DF5D300BF10
:10CDD00000214320015502E0002084F83400202E79
:10CDE00001D2012000E0002028B940F2973214A1BE
:10CDF0001CA0F7F73DF8202E00D31F26E662E6645C
:10CE000000202065201D09F044F904F1180009F004
:10CE100040F92461C6F12000A061646200206065D1
:10CE200084F8580084F859005A465146484600F0A4
:10CE300021FC20600B9808B10B980460BDE8F09FBE
:10CE40002E2E5C2E2E5C4D6964646C657761726574
:10CE5000735C4672656552544F535C7461736B73B7
:10CE60002E6300004572726F723A2025732C2025C4
:10CE7000640D0A0010B5002407E004EB84010F4A9A
:10CE800002EB810009F0F8F8641C202CF5D30C4863
:10CE900009F0F2F80B4809F0EFF80B4809F0ECF84C
:10CEA0000A4809F0E9F80A4809F0E6F8044809498F
:10CEB000086004480849086010BD0000F8650120BA
:10CEC000786801208C680120A0680120B4680120E6
:10CED000C8680120C8020020CC02002010B501461D
:10CEE000164800E0006803688B42FBD302464368A3
:10CEF00013448B4204D143684C6823444360014689
:10CF00000A464B6813440468A34211D10C4C0368D1
:10CF10002468A34208D04B680468646823444B60CB
:10CF200003681B680B6005E0054B1B680B6001E0A4
:10CF300003680B60884200D0016010BD1803002018
:10CF4000200300202DE9F04104460D4616461F46F9
:10CF50004FF0000865602461B5420CD8F01BA16950
:10CF6000884202D34FF0010811E0211D09480068F2
:10CF700009F092F80BE0BE4204D2BD4202D34FF05A
:10CF8000010804E0211D0448006809F085F84046C6
:10CF9000BDE8F081080300200403002070B50546B9
:10CFA00009F0A0F8A86B08B9012400E0002409F0FA
:10CFB000E5F8204670BD70B5054609F093F8A86BFA
:10CFC000E96B884201D1012400E0002409F0D6F881
:10CFD000204670BDF1B50098846C00262CB940F64F
:10CFE000D53220A128A0F6F743FFA06BE16B884261
:10CFF00001D2012000E0002028B940F6D63219A164
:10D0000021A0F6F735FFA06BE16B884227D294F997
:10D010004550002269462046FFF7CBFD0646681CB6
:10D0200060B9606A08B9012000E00020B0B904F1DD
:10D0300024000AF057FD88B101260FE07F2D01D0B2
:10D04000012000E0002028B940F6F63205A10EA02C
:10D05000F6F70EFF681C40B284F8450000BF30466A
:10D06000F8BD00002E2E5C2E2E5C4D6964646C654C
:10D0700077617265735C4672656552544F535C719B
:10D08000756575652E6300004572726F723A2025D2
:10D09000732C2025640D0A0070B505460E460E4817
:10D0A0000068C068C468201D08F0D2FF94F828000A
:10D0B00000F0040028B132462946204600F0FEF870
:10D0C00005E094F8280000F0FE0084F828002046CF
:10D0D000216A884770BD00000403002070B586B047
:10D0E0008AE0029800280CDA03AE2EB940F206322C
:10D0F00047A150A0F6F7BCFED6E90020B1689047E2
:10D1000000BF0298002877DB049C606908B9012001
:10D1100000E0002010B9201D08F09AFF01A800F0DF
:10D12000F9F8054602980A2864D2DFE800F06305A2
:10D13000072E365306082F3700BF00BF00BF94F8F4
:10D14000280040F0010084F828000398A2698118A3
:10D1500003462A462046FFF7F5FEA8B194F82800BA
:10D1600000F0040038B10398A26981182A462046CD
:10D1700000F0A4F805E094F8280000F0FE0084F820
:10D1800028002046216A884735E000BF94F828002F
:10D1900000F0FE0084F828002DE000BF94F828007D
:10D1A00040F0010084F828000398A061A06908B14C
:10D1B000012000E0002028B940F2593214A11DA03E
:10D1C000F6F756FEA06941192B462A462046FFF77E
:10D1D000B9FE10E094F8280000F0020018B92046CB
:10D1E00009F00CF805E094F8280000F0FE0084F83F
:10D1F000280000E000BF00BF002202A9114800681B
:10D2000009F0EEFF00287FF46CAF06B070BD00009F
:10D210002E2E5C2E2E5C4D6964646C6577617265A0
:10D22000735C4672656552544F535C74696D6572E8
:10D23000732E63004572726F723A2025732C20257D
:10D24000640D0A000C030020F8B505460C4609F0F1
:10D25000DBFB684600F05EF80646009820BB44B948
:10D26000B54206D80AF0E4FC31462846FFF714FF21
:10D270001CE03CB10E480068006808B9012000E0DD
:10D2800000200446A91B22460A48006809F03AF922
:10D290000AF0CEFC50B94FF0805007490860BFF348
:10D2A0004F8FBFF36F8F01E00AF0C2FCF8BD0000A2
:10D2B000080300200C03002004ED00E070B50446D4
:10D2C0000D46164604E0A06905442046216A8847B9
:10D2D000A06941192B4632462046FFF733FE00284D
:10D2E000F1D170BD09480068006808B9012000E06C
:10D2F000002020B14FF0FF300549086005E00348E9
:10D300000068C0680068024908607047C8020020D1
:10D31000F402002070B504460AF0ECF9054607480F
:10D320000068854204D200F00BF80120206001E083
:10D330000020206001480560284670BD14030020CD
:10D3400070B508E00D480068C06804684FF0FF3110
:10D350002046FFF7A1FE09480068006808B90120CF
:10D3600000E000200028EDD004480568044800686B
:10D37000024908600248056070BD000004030020F7
:10D38000080300200B480068401C08B9012000E099
:10D39000002020B9E92208A116A0F6F769FD00BF18
:10D3A000502080F31188BFF34F8FBFF36F8F00BF02
:10D3B00000BFFEE7380300202E2E5C2E2E5C4D6948
:10D3C00064646C6577617265735C4672656552541E
:10D3D0004F535C706F727461626C655C525644535B
:10D3E0005C41524D5F434D34465C706F72742E63E6
:10D3F000000000004572726F723A2025732C2025C0
:10D40000640D0A0008B500BF6846FFF725FC044616
:10D4100020460099FFF718FFFFF760FEF4E770B5AC
:10D42000044608F05FFE94F9455019E0A06C30B155
:10D430002046FFF7CFFD88B109F06AF90EE0606A77
:10D4400008B9012000E0002038B904F124000AF0F6
:10D4500049FB18B109F05CF900E003E0681E45B231
:10D46000002DE3DC00BFFF2084F8450008F086FEB5
:10D4700008F038FE94F9445010E0206908B9012002
:10D4800000E0002048B904F110000AF02BFB08B1BD
:10D4900009F03EF9681E45B200E001E0002DECDC29
:10D4A00000BFFF2084F8440008F068FE70BD000053
:10D4B000014602480068084470470000E00100206F
:10D4C0002DE9F04104464FF0000809F09DFA494863
:10D4D000006808B9FFF7D4FB4748006820400028DF
:10D4E00075D1002C23D004F10800A0421FD90834C4
:10D4F00004F0070000281BD004F00700C0F108006A
:10D500002044A04211D904F00700C0F108000444EF
:10D5100004F0070008B9012000E0002040B99C2277
:10D5200036A144A0F6F7A4FC02E0002400E00024A9
:10D53000002C4CD043480068844248D8424E3046C4
:10D54000056801E02E462D686868A04202D228686E
:10D550000028F7D127480068854238D0306800F1AC
:10D560000808286830606868001B102813D92F1934
:10D5700007F0070008B9012000E0002020B9CF2201
:10D580001EA12CA0F6F774FC6868001B78606C6024
:10D590003846FFF7A3FC2B4968680968081A29492F
:10D5A00008600846006829490968884203D225486E
:10D5B000006826490860104968680968084368607F
:10D5C0000020286022480068401C214908600AF0B9
:10D5D0002FFB08F0070008B9012000E0002028B95F
:10D5E0004FF4887205A113A0F6F742FC4046BDE84F
:10D5F000F081000020030020340300202E2E5C2E3A
:10D600002E5C4D6964646C6577617265735C46720B
:10D61000656552544F535C706F727461626C655CE7
:10D620004D656D4D616E675C686561705F342E633A
:10D63000000000004572726F723A2025732C20257D
:10D64000640D0A0024030020180300202803002092
:10D650002C0300200648006830B10549096801F133
:10D660005000096D491C01600148006870470000C6
:10D67000C4020020001F4FF080730360001F21F0E0
:10D6800001030360001F054B036014380260001F94
:10D690006FF00203036020387047000085D3000854
:10D6A000014608687047000000B5A5B001220821B6
:10D6B000F848F5F797F901222021F648F5F792F995
:10D6C0000120F7F701F900220821F248F5F78AF95D
:10D6D0000120F7F7F9F800222021EE48F5F782F94A
:10D6E0000120F7F7F1F80020EB49087056E001221D
:10D6F0002021E848F5F776F90120F7F7E5F8102141
:10D70000E448F5F75DF938B11F9840001F901F9865
:10D7100040F001001F9007E01F9840001F904FF657
:10D72000FE711F9808401F900121DC48F5F748F969
:10D7300038B1199840001990199840F001001990DB
:10D7400007E01998400019904FF6FE7119980840AB
:10D7500019904021D148F5F733F938B113984000BA
:10D760001390139840F00100139007E013984000C5
:10D7700013904FF6FE711398084013900120F7F7AD
:10D78000A3F800222021C348F5F72CF90120F7F770
:10D790009BF8C1480078401CBF490870BE4800781B
:10D7A0000F28A4DB0020BC49087014E001222021CE
:10D7B000B848F5F717F90120F7F786F8002220217D
:10D7C000B448F5F70FF90120F7F77EF8B248007872
:10D7D000401CB1490870B04800780428E6DB0020FE
:10D7E000AD49087056E001222021AA48F5F7FAF861
:10D7F0000120F7F769F81021A648F5F7E1F838B1EC
:10D80000209840002090209840F00100209007E0F0
:10D810002098400020904FF6FE71209808402090FC
:10D8200001219E48F5F7CCF838B11A9840001A90BB
:10D830001A9840F001001A9007E01A9840001A90D8
:10D840004FF6FE711A9808401A9040219348F5F758
:10D85000B7F838B1149840001490149840F00100C3
:10D86000149007E01498400014904FF6FE7114983D
:10D87000084014900120F7F727F80022202185485E
:10D88000F5F7B0F80120F7F71FF883480078401C3F
:10D8900081490870804800780F28A4DB00207E4969
:10D8A000087014E0012220217A48F5F79BF8012046
:10D8B000F7F70AF8002220217648F5F793F80120BF
:10D8C000F7F702F874480078401C734908707248F2
:10D8D00000780428E6DB00206F49087056E001223A
:10D8E00020216C48F5F77EF80120F6F7EDFF1021B6
:10D8F0006848F5F765F838B12198400021902198E3
:10D9000040F00100219007E02198400021904FF65F
:10D91000FE7121980840219001216048F5F750F8E8
:10D9200038B11B9840001B901B9840F001001B90E1
:10D9300007E01B9840001B904FF6FE711B980840B3
:10D940001B9040215548F5F73BF838B11598400039
:10D950001590159840F00100159007E015984000CB
:10D9600015904FF6FE711598084015900120F6F7B6
:10D97000ABFF002220214748F5F734F80120F6F7E5
:10D98000A3FF45480078401C43490870424800788E
:10D990000F28A4DB00204049087014E00122202158
:10D9A0003C48F5F71FF80120F6F78EFF00222021F2
:10D9B0003848F5F717F80120F6F786FF3648007863
:10D9C000401C35490870344800780428E6DB002004
:10D9D0003149087056E0012220212E48F5F702F85F
:10D9E0000120F6F771FF10212A48F4F7E9FF38B15A
:10D9F000229840002290229840F00100229007E0F7
:10DA00002298400022904FF6FE7122980840229002
:10DA100001212248F4F7D4FF38B11C9840001C9033
:10DA20001C9840F001001C9007E01C9840001C90DE
:10DA30004FF6FE711C9808401C9040211748F4F7DF
:10DA4000BFFF38B1169840001690169840F00100BC
:10DA5000169007E01698400016904FF6FE71169843
:10DA6000084016900120F6F72FFF002220210948D8
:10DA7000F4F7B8FF0120F6F727FF07480078401CAD
:10DA800005490870044800780F28A4DB00200249EB
:10DA900008701AE0000402404B0000200008024019
:10DAA00001222021EE48F4F79DFF0120F6F70CFF3C
:10DAB00000222021EA48F4F795FF0120F6F704FF41
:10DAC000E8480078401CE7490870E64800780428D8
:10DAD000E6DB0020E349087056E001222021E048FF
:10DAE000F4F780FF0120F6F7EFFE1021DC48F4F791
:10DAF00067FF38B1239840002390239840F001003D
:10DB0000239007E02398400023904FF6FE7123985E
:10DB1000084023900121D448F4F752FF38B11D98F2
:10DB200040001D901D9840F001001D9007E01D98D9
:10DB300040001D904FF6FE711D9808401D90402139
:10DB4000C948F4F73DFF38B117984000179017986F
:10DB500040F00100179007E01798400017904FF62B
:10DB6000FE711798084017900120F6F7ADFE0022CD
:10DB70002021BB48F4F736FF0120F6F7A5FEB9488F
:10DB80000078401CB7490870B64800780F28A4DB1D
:10DB90000020B449087014E001222021B048F4F7B5
:10DBA00021FF0120F6F790FE00222021AC48F4F777
:10DBB00019FF0120F6F788FEAA480078401CA94901
:10DBC0000870A84800780428E6DB0020A549087002
:10DBD00056E001222021A248F4F704FF0120F6F7C5
:10DBE00073FE10219E48F4F7EBFE38B124984000F4
:10DBF0002490249840F00100249007E024984000ED
:10DC000024904FF6FE7124980840249001219648F4
:10DC1000F4F7D6FE38B11E9840001E901E9840F0D2
:10DC200001001E9007E01E9840001E904FF6FE7106
:10DC30001E9808401E9040218B48F4F7C1FE38B171
:10DC4000189840001890189840F00100189007E0CC
:10DC50001898400018904FF6FE71189808401890D8
:10DC60000120F6F731FE002220217D48F4F7BAFEAC
:10DC70000120F6F729FE7B480078401C794908709E
:10DC8000784800780F28A4DB0120F6F71DFE01225A
:10DC900008217348F4F7A6FE012220217048F4F70A
:10DCA000A1FE0120F6F710FE00206E490870D0E0BA
:10DCB0001FA86C49097810F82100C0F3800011A951
:10DCC000684A1278885419A86649097810F8210022
:10DCD000C0F380000BA9634A1278885413A86149E5
:10DCE000097810F82100C0F3800005A95D4A127878
:10DCF00088541FA85B49097810F82100C0F3400040
:10DD00000FA9584A1278885419A85649097810F86A
:10DD10002100C0F3400109A8524A1278815413A887
:10DD20005049097810F82100C0F3400003A94D4A7A
:10DD3000127888541FA84B49097810F8210000F088
:10DD400001010DA8474A1278815419A8454909785C
:10DD500010F8210000F0010007A9424A1278885407
:10DD600013A84049097810F8210000F0010101A82A
:10DD70003C4A1278815411A83A490978405C01283C
:10DD800015D10FA837490978405C80B90DA83549ED
:10DD90000978405C58B91FA83249097850F8210029
:10DDA000C10832482F4A127840F8221006E04FF49A
:10DDB00080502E492B4A127841F822000BA829499D
:10DDC0000978405C012815D109A826490978405CEA
:10DDD00080B907A823490978405C58B919A8214996
:10DDE000097850F82100C00821491E4A127841F8EC
:10DDF000220006E04FF480511D481A4A127840F87C
:10DE0000221005A817490978405C012815D103A8FC
:10DE100014490978405C80B901A812490978405C2E
:10DE200058B913A80F49097850F82100C1081148C2
:10DE30000C4A127840F8221006E04FF480500D4949
:10DE4000084A127841F8220006480078401C05492B
:10DE50000870044800780628FFF62AAF25B000BDF8
:10DE6000000402404B000020000802409C040020F7
:10DE7000B4040020CC0400202DE9F04706460F46EC
:10DE800015469A4600BF27B900BF28A0F5F7F0FF56
:10DE900000BF00BF00BF26B900BF2DA0F5F7E8FF07
:10DEA00000BF00BF00BFBAF1000F04D000BF30A018
:10DEB000F5F7DEFF00BF00BF34461CB96FF0050068
:10DEC000BDE8F08700BF6068B84204D000BF2EA054
:10DED000F5F7CEFF00BF00BF04F1100008B12069C4
:10DEE00048B935B12989384604F092FA2846FEF738
:10DEF000EFF80020E4E71DB1A846B5F8089003E06C
:10DF0000DFF8A4804FF00009414604F1100000F052
:10DF10005FFB10B14FF0FF30D2E7A06A20B14A4654
:10DF200000212046A36A98470020C9E772656376FE
:10DF30005F746370206D757374206861766520610D
:10DF40002070636220617267756D656E74000000F9
:10DF5000726563765F746370206D75737420686199
:10DF6000766520616E20617267756D656E74000064
:10DF700065727220213D204552525F4F4B20756ED5
:10DF800068616E646C656400726563765F7463706B
:10DF90003A207265637620666F722077726F6E67C3
:10DFA00020706362210000008E7E01082DE9F05F81
:10DFB0000746884616469946DDF828B000BFB8F1F6
:10DFC000000F04D100BF28A0F5F752FF00BF00BF2B
:10DFD00000BF27B900BF2DA0F5F74AFF00BF00BF63
:10DFE0003C4624B93046FEF773F8BDE8F09F00BF09
:10DFF0006068404504D000BF2CA0F5F739FF00BF92
:10E0000000BF04F1100008B1206918B93046FEF7CE
:10E010005FF8EAE70620FCF74BFE05461DB93046DF
:10E02000FEF756F8E1E72E606E60B9F1000F01D1FE
:10E03000002001E0D9F80000A860A5F80CB0B6F8FF
:10E0400008A0294604F1100000F0C2FA18B12846D1
:10E05000FCF796FFC9E7A06A20B15246002120468E
:10E06000A36A984700BFC0E7726563765F75647006
:10E07000206D75737420686176652061207063621D
:10E0800020617267756D656E74000000726563765D
:10E090005F756470206D75737420686176652061AA
:10E0A0006E20617267756D656E74000072656376CF
:10E0B0005F7564703A207265637620666F722077B0
:10E0C000726F6E6720706362210000002DE9F041DD
:10E0D00005460F4616462C4600BF24B900BF1AA0BD
:10E0E000F5F7C6FE00BF00BF5CB36078012804D11D
:10E0F00001212046FBF7AEFC06E06078042803D13E
:10E1000001212046FBF7C0F96068D0B16068B0F823
:10E11000640041F65E71884213DD6068B0F8660005
:10E120002C280EDA00BF94F8200000F0EF0084F8ED
:10E13000200000BFA06A20B1324602212046A36A17
:10E1400098470020BDE8F081636F6E6E20213D206E
:10E150004E554C4C0000000070B5044665682146E1
:10E16000284600F0B3FE0949284604F0FBF80849A8
:10E17000284604F061FC02220649284603F03CF9D7
:10E180000549284601F070FB70BD000079DE0008EB
:10E19000CDE0000881C80008156600081CB50446DB
:10E1A00000BF3748374988610120FCF7C3F814E005
:10E1B00035A0F5F75DFE4FF4FA70F6F779FB37A05E
:10E1C000F5F756FE4FF4FA70F6F772FB00BF4FF406
:10E1D00080613648F4F7FCFB00BFFAF73DFF0028EA
:10E1E000E6D102E032A0F5F743FE1120F9F76AFA12
:10E1F0000028F7D002E0052008F0AAF92148807D28
:10E20000022803D01F48807DFF28F4D107F06AFF61
:10E210000022C821142008F05FFD3249086032480E
:10E220000B2100234FF48062CDE900102FA1334869
:10E2300009F01AFA32480B2100238022CDE90010A0
:10E2400030A1334809F010FA32480A210023802215
:10E25000CDE9001030A1334809F006FA32480D210B
:10E2600000238022CDE9001030A1334809F0FCF9E9
:10E270003248006808F0AEF907F080FF1CBD0000CE
:10E2800035A30008646501206C77495020496E6908
:10E2900074206661696C656421210A00526574729C
:10E2A00079696E672E2E2E0A0000000000140240CD
:10E2B0004D4355D3EB504859D0BEC6ACCDA8D0C5C0
:10E2C000CAA7B0DCA3ACC7EBBCECB2E9B5E7C2B7F8
:10E2D000BBF2D5DFD4B4C2EBA3A1A3A1A3A1A3A198
:10E2E0000D0A000018000020080000206C776970FB
:10E2F0005F64656D6F5F7461736B0000C1920008AD
:10E30000100000206B65795F7461736B0000000082
:10E310005D8C00080C0000206C65645F7461736B99
:10E3200000000000398D0008140000206164635F64
:10E330007461736B00000000B947000804000020FE
:10E340002DE9F84305460E46174600BF25B900BF24
:10E350001CA0F5F78DFD00BF00BF00BF286820B9E5
:10E3600000BF1CA0F5F784FD00BF00BF06B96E46D4
:10E370007FB94FF0FF323146286808F031FF04467C
:10E3800000BF012C04D000BF17A0F5F771FD00BF3E
:10E3900016E0B84642463146286808F021FF044698
:10E3A00024B900203060401EBDE8F88300BF012C76
:10E3B00004D000BF0CA0F5F75BFD00BF00BF00BF9D
:10E3C0000120F1E76D626F7820213D204E554C4CC5
:10E3D000000000006D626F782D3E6D627820213D57
:10E3E000204E554C4C0000006D626F7820666574BD
:10E3F0006368206661696C656400000010B507F011
:10E4000071FE012010BD00002DE9F04105460E46C9
:10E4100000BF25B900BF1AA0F5F72AFD00BF00BF55
:10E4200000BF286820B900BF18A0F5F721FD00BF84
:10E4300000BF76B94FF0FF31286808F091FF04461D
:10E4400000BF012C04D000BF15A0F5F711FD00BFDF
:10E4500014E037463946286808F082FF04461CB9A4
:10E460004FF0FF30BDE8F08100BF012C04D000BFA9
:10E470000BA0F5F7FDFC00BF00BF00BF0120F1E7D6
:10E4800073656D20213D204E554C4C0073656D2DFC
:10E490003E73656D20213D204E554C4C0000000020
:10E4A00074616B696E672073656D6170686F72650A
:10E4B000206661696C65640010B5044607F05EFE75
:10E4C00010BD00002DE9F04100F06CF9074600BFD7
:10E4D0000F4804680CB9BDE8F0816068381AB0F1E3
:10E4E000004F01D3012000E0002000B1F3E708490C
:10E4F00020680860A568E6680649606808602146EB
:10E500000A20FCF787FB0DB13046A847E0E7000082
:10E510007C020020800200207047000010B50446F5
:10E5200000BF24B900BF09A0F5F7A2FC00BF00BFDF
:10E5300000BF206820B900BF08A0F5F799FC00BF14
:10E5400000BF206807F078FF10BD00006D626F7893
:10E5500020213D204E554C4C000000006D626F782C
:10E560002D3E6D627820213D204E554C4C00000020
:10E5700070B504460D4600BF24B900BF0DA0F5F7E5
:10E5800077FC00BF00BF00BF002D04DC00BF0DA062
:10E59000F5F76EFC00BF00BF00220421284608F0FA
:10E5A0009BFB2060206810B94FF0FF3070BD002049
:10E5B000FCE700006D626F7820213D204E554C4CE9
:10E5C0000000000073697A65203E203000000000E2
:10E5D00073B5044600BF24B900BF12A0F5F748FC8C
:10E5E00000BF00BF00BF206820B900BF11A0F5F731
:10E5F0003FFC00BF00BF00231A4601A9206808F0B5
:10E6000031FC0546012D01D100207CBD00BF25B1A4
:10E6100000BF0DA0F5F72CFC00BF00BF4FF0FF308E
:10E62000F3E700006D626F7820213D204E554C4C81
:10E63000000000006D626F782D3E6D627820213DF4
:10E64000204E554C4C0000006D626F78207472793A
:10E65000706F7374206661696C65640070B5044600
:10E6600000BF24B900BF0FA0F5F702FC00BF00BF38
:10E6700000BF206820B900BF0EA0F5F7F9FB00BF6E
:10E6800000BF4FF0FF31206808F04CFF054600BF87
:10E69000012D04D000BF0CA0F5F7EAFB00BF00BFBE
:10E6A00070BD00006D7574657820213D204E554C7D
:10E6B0004C0000006D757465782D3E6D75742021D9
:10E6C0003D204E554C4C00006661696C65642074B9
:10E6D0006F2074616B6520746865206D7574657852
:10E6E0000000000010B5044600BF24B900BF08A018
:10E6F000F5F7BEFB00BF00BF042008F0DBFA206086
:10E70000206810B94FF0FF3010BD0020FCE700007A
:10E710006D7574657820213D204E554C4C000000ED
:10E7200070B5044600BF24B900BF0EA0F5F7A0FBEA
:10E7300000BF00BF00BF206820B900BF0DA0F5F7E3
:10E7400097FB00BF00BF206808F010FD054600BF22
:10E75000012D04D000BF0CA0F5F78AFB00BF00BF5D
:10E7600070BD00006D7574657820213D204E554CBC
:10E770004C0000006D757465782D3E6D7574202118
:10E780003D204E554C4C00006661696C65642074F8
:10E790006F206769766520746865206D757465788B
:10E7A0000000000010B508F0A5FF10BD10B504462C
:10E7B00000BF24B900BF0AA0F5F75AFB00BF00BF95
:10E7C00000BF206820B900BF08A0F5F751FB00BFCB
:10E7D00000BF206807F030FE0020206010BD000060
:10E7E00073656D20213D204E554C4C0073656D2D99
:10E7F0003E73656D20213D204E554C4C00000000BD
:10E8000070B504460D4600BF24B900BF17A0F5F748
:10E810002FFB00BF00BF00BF35B1012D04D000BFEA
:10E8200015A0F5F725FB00BF00BF03220021012042
:10E8300008F052FA2060206810B94FF0FF3070BD28
:10E84000012D10D100231A461946206808F00AFB52
:10E85000064600BF012E04D000BF10A0F5F708FB4C
:10E8600000BF00BF00BF0020E9E7000073656D2016
:10E87000213D204E554C4C00696E697469616C5F96
:10E88000636F756E7420696E76616C696420286EA2
:10E890006F742030206F7220312900007379735F0C
:10E8A00073656D5F6E65773A20696E697469616C36
:10E8B0002067697665206661696C65640000000008
:10E8C00070B5044600BF24B900BF10A0F5F7D0FA18
:10E8D00000BF00BF00BF206820B900BF0EA0F5F741
:10E8E000C7FA00BF00BF00231A461946206808F087
:10E8F000B9FA054600BF012D05D025B100BF0BA018
:10E90000F5F7B6FA00BF00BF70BD000073656D205B
:10E91000213D204E554C4C0073656D2D3E73656D49
:10E9200020213D204E554C4C000000007379735F50
:10E9300073656D5F7369676E616C3A2073616E65B4
:10E940002072657475726E2076616C7565000000CA
:10E950002DE9F04192B080460C4615461E46002730
:10E9600000BF002000902A48006840F080502849ED
:10E9700008600846006800F08050009000BF00BFAB
:10E9800000BF002000902348006840F480402149E7
:10E9900008600846006800F48040009000BF00BF97
:10E9A0000120019000040290022007904105089187
:10E9B000CDF8288009940B950C9601A8F4F718FA65
:10E9C00007461FB1012012B0BDE8F0810F200D9065
:10E9D00002200E9000200F904FF4A05010904FF4A2
:10E9E0008050119004210DA8F4F7C2F807460FB12A
:10E9F0000120E8E7F3F7FCFF41F20101884205D16D
:10EA00000548006840F48070034908600020DAE798
:10EA10004038024000700040003C02402DE9FF47B2
:10EA200006460F4690461C46DDF830A000BF002C7D
:10EA300004DC00BF0FA0F5F71BFA00BF00BFA14622
:10EA400003A81FFA89F243463146CDE900A03846B3
:10EA500008F00AFE054600BF012D04D000BF0AA041
:10EA6000F5F706FA00BF00BF03980290029804B0C1
:10EA7000BDE8F087696E76616C69642073746163C8
:10EA80006B73697A650000007461736B2063726553
:10EA90006174696F6E206661696C656400000000D6
:10EAA0002DE9F04104460E46174600BFB4F1804FF1
:10EAB00004D300BF07A0F5F7DBF900BF00BFFFF7E5
:10EAC00071FE05193A463146284600F01FF8BDE8A8
:10EAD000F081000054696D656F75742074696D650F
:10EAE00020746F6F206C6F6E672C206D61782069C9
:10EAF00073204C5749505F55494E5433325F4D4156
:10EB0000582F34206D736563730000002DE9F041C8
:10EB100006460F4690460A20FCF7CAF804464CB950
:10EB200000BF24B900BF1FA0F5F7A2F900BF00BFC6
:10EB3000BDE8F08100202060A760C4F80C8066600A
:10EB40002848006810B927480460F1E72549606843
:10EB500009684968401AB0F1004F01D3012000E074
:10EB6000002028B11F48006820601E48046017E09C
:10EB70001C48056811E0286850B160682968496838
:10EB8000401AB0F1004F01D3012000E0002018B17D
:10EB9000286820602C6002E02D68002DEBD100BFBA
:10EBA00000BFC5E77379735F74696D656F75743AFB
:10EBB0002074696D656F757420213D204E554C4C55
:10EBC0002C20706F6F6C204D454D505F5359535F33
:10EBD00054494D454F555420697320656D707479C3
:10EBE000000000007C02002010B5012408E0064966
:10EBF00001EBC40251F834000449FFF751FF641CD3
:10EC0000062CF4D310BD0000F87F01084D910008D8
:10EC100070B51348006810B94FF0FF3070BDFFF7B2
:10EC2000C1FD04460E4800684068001BB0F1004F6B
:10EC300001D3012000E0002008B10020EEE70848E1
:10EC400000684068051B00BFB5F1004F04D300BF4A
:10EC500004A0F5F70DF900BF00BF2846DEE700006D
:10EC60007C020020696E76616C696420736C656556
:10EC70007074696D650000002DE9FF5F04460E4663
:10EC800000BF34B900BF3DA0F5F7F2F800BFBDE802
:10EC9000FF9F00BF00BF207D012804D100BF3EA020
:10ECA000F5F7E6F800BF00BF207D0A2807D121460E
:10ECB000464802F00DFB204600F04EFE5CE04FF0AF
:10ECC000000AD346276DD4F82480D4F88C50D4F8A9
:10ECD0001090207DE8B9E08A38B300BF3C48006856
:10ECE000A04205D13A480068C068394908600DE083
:10ECF0003749086806E0C168A14202D1E168C160F5
:10ED000002E0C0680028F6D100BF00BF0020E0602C
:10ED10000BE0B246B4F816B000BF21462D4802F011
:10ED2000D7FA01202C49087000BF206F10B1206F66
:10ED300003F0C7FDE06E10B1E06E03F0C2FDBAF162
:10ED4000000F0CD000BF00BF208B211D2346424680
:10ED5000CDE9001B02903946204603F043FD207D9B
:10ED60000390204600F0F8FD00BF1DB16FF00C01CC
:10ED70004846A84700BF00BF00BF88E77463705FC4
:10ED80006162616E646F6E3A20696E76616C69646F
:10ED90002070636200000000646F6E27742063615E
:10EDA0006C6C207463705F61626F72742F74637037
:10EDB0005F6162616E646F6E20666F72206C697352
:10EDC00074656E2D706362730000000048020020BD
:10EDD0003C020020440200204C02002010B50446F2
:10EDE00001212046FFF748FF10BD28B1027D012A0E
:10EDF00002D10246916100BF7047000070B5054620
:10EE00000120FBF755FF04465CBB00F083FE00BF0A
:10EE100000BF01F06FFB0120FBF74AFF0446FCB97D
:10EE200000BF00BF092001F02BFB0120FBF740FFD2
:10EE30000446A4B900BF00BF082001F021FB012057
:10EE4000FBF736FF04464CB900BF00BF284601F06F
:10EE5000E1FA0120FBF72CFF044600BF00BF00BF12
:10EE600000BF44B398212046F1F77FFA143465704F
:10EE700043F6BC60A4F8500040F66830E082A082FF
:10EE8000FF2004F8090C4FF40670E0830620A085EB
:10EE90006085C01FA0830120A08608480068E0604C
:10EEA00007480078A07243F6BC60E0860548E0663B
:10EEB0000548E067143C204670BD00003802002081
:10EEC0004E020020B123010800DD6D0000B1016198
:10EED000704700002DE9F04705460C4617464FF0F5
:10EEE000040904B92A4C00BF45B900BF29A0F4F7B2
:10EEF000BFFF00BF6FF00F00BDE8F08700BF00BF8D
:10EF0000287D38B100BF29A0F4F7B2FF00BF6FF031
:10EF10000500F1E700BF37B901F076FC07460FBBEB
:10EF20006FF00100E8E74FF0000819E0294850F8B9
:10EF30002800066810E0F08AB8420CD146B130686B
:10EF400030B12CB1206818B130682168884202D1F4
:10EF50006FF00700D0E7F668002EECD108F1010849
:10EF6000C845E3DB34B1206820B10CB9002000E0D3
:10EF700020682860EF8200BF17480068E8601648E4
:10EF8000056004F03DFA00BF00BF00BF0020B3E7FA
:10EF90002C8001087463705F62696E643A20696E48
:10EFA00076616C6964207063620000007463705F56
:10EFB00062696E643A2063616E206F6E6C792062C4
:10EFC000696E6420696E20737461746520434C4FD0
:10EFD00053454400E87F01083C02002010B5044678
:10EFE00000BF3CB900BF0CA0F4F742FF00BF6FF0B8
:10EFF0000F0010BD00BF00BF00BF207D012805D05D
:10F0000000BF608B40F01000608300BF01212046EC
:10F0100000F00EF8EDE700007463705F636C6F73CF
:10F02000653A20696E76616C6964207063620000E5
:10F030003EB504460D4600BF24B900BF51A0F4F709
:10F0400017FF00BF00BF002D53D0207D042802D041
:10F05000207D07284DD1606F20B9208D40F66831A2
:10F06000884246D000BFA07E00F0100020B900BF4B
:10F070004CA0F4F7FDFE00BF00BF208BE18A221DEB
:10F08000CDE90021029023462046626A216D03F0FB
:10F09000A9FB204602F0D8F800BF00BF484800682E
:10F0A000A04205D146480068C068454908600DE0A7
:10F0B0004349086806E0C168A14202D1E168C16025
:10F0C00002E0C0680028F6D100BF00BF0020E06069
:10F0D00000BF01203B49087000BF3B480068A042C8
:10F0E00002D104F029FA02E0204600F035FC0020AD
:10F0F0003EBD207D20B1012824D002283AD12CE049
:10F10000E08AD8B100BF31480068A04205D12F483D
:10F110000068C0682D4908600DE02C49086806E0C9
:10F12000C168A14202D1E168C16002E0C068002864
:10F13000F6D100BF00BF0020E06000BF204600F015
:10F140000BFC1BE0204601F0F5F92146204802F0B7
:10F15000BFF8204600F09AFC10E000BF2146184896
:10F1600002F0B6F801201749087000BF204600F0F1
:10F17000F3FB03E0204600F02DF8B9E700BF0020C4
:10F18000B6E700007463705F636C6F73655F7368EC
:10F190007574646F776E3A20696E76616C6964206D
:10F1A000706362007063622D3E666C616773202637
:10F1B0002054465F5258434C4F53454400000000D2
:10F1C000440200204C020020780200203C02002073
:10F1D0004002002070B5054600BF25B900BF1CA045
:10F1E000F4F746FE00BF00BF287D032804D00428A2
:10F1F0000AD0072818D10FE0284603F0DFFB0446A9
:10F200000CB90520287511E0284603F0D7FB044609
:10F210000CB90520287509E0284603F0CFFB044609
:10F220000CB90920287501E0002070BD00BF1CB991
:10F23000284601F043FB09E0601C38B900BF688B29
:10F2400040F00800688300BF0020EEE72046ECE7AE
:10F2500070636220213D204E554C4C002DE9F05F3B
:10F2600004460E4691469A46002700BF44B900BFA7
:10F2700058A0F4F7FDFD00BF6FF00F00BDE8F09F50
:10F2800000BF00BF3EB900BF59A0F4F7F1FD00BFB9
:10F290006FF00F00F2E700BF00BF207D38B100BF64
:10F2A0005AA0F4F7E5FD00BF6FF00900E6E700BFE4
:10F2B00000BF00BF0EB9002000E030686060A4F815
:10F2C0001890207A20B1207AFCF780F9074603E0F5
:10F2D000201DF9F7E3F8074617B96FF00300CDE7F3
:10F2E0000CB1206858B90FB1381D00E0002001466C
:10F2F00011B96FF00300C1E70868206000BFB4F8DF
:10F3000016B0E08A38B901F07FFAE082E08A10B9DD
:10F310006FF00100B2E7204601F0AAFA054600208E
:10F3200060622565681E6064A065E06540F668302F
:10F3300060852085606AE06240F66830A4F860006D
:10F340004FF406706086608E221D394600F034F955
:10F3500060860120A4F84800C4F884A00221204659
:10F3600000F062F98046B8F1000F31D1022020751B
:10F37000BBF1000F1BD000BF30480068A04205D190
:10F380002E480068C0682D4908600DE02B490868C8
:10F3900006E0C168A14202D1E168C16002E0C06834
:10F3A0000028F6D100BF00BF0020E06000BF00BF12
:10F3B00000BF23480068E0602148046004F020F8A2
:10F3C00000BF01201F49087000BF204601F076FAF7
:10F3D000404653E77463705F636F6E6E6563743AA3
:10F3E00020696E76616C69642070636200000000C1
:10F3F0007463705F636F6E6E6563743A20696E76D6
:10F40000616C696420697061646472007463705F28
:10F41000636F6E6E6563743A2063616E206F6E6C0D
:10F420007920636F6E6E6563742066726F6D2073F2
:10F430007461746520434C4F534544003C020020E6
:10F44000440200204C0200202DE9F05F80460D466A
:10F4500091469A460A9F00BFB8F1000F04D100BF41
:10F460003EA0F4F705FD00BF00BF00BF25B900BFF7
:10F4700042A0F4F7FDFC00BF00BF07F0010008B197
:10F48000042000E0002007F0020109B1002100E0A3
:10F490000021084407F0080109B1002100E0002123
:10F4A000084407F0100109B1002100E000214618CE
:10F4B0000320FBF7FDFB041E07D100BF00BF284659
:10F4C000FCF706FE0020BDE8F09F277300202060B7
:10F4D000656000BF2889B04204DA00BF30A0F4F7AD
:10F4E000C7FC00BF00BF2889801B208100206081ED
:10F4F00014212846FCF7C4F930B100BF00BF2046F4
:10F5000003F0D2F90020DEE7606840682061B8F8B7
:10F510001600F9F7EAFE21690880B8F81800F9F733
:10F52000E4FE216948805046F9F7D2FE216948601F
:10F53000B346F11706EB91718910491D4FF6FF7222
:10F5400002EA013141EA0900F9F7CFFE2169888119
:10F550000020216948822046B5E700007463705F8F
:10F560006372656174655F7365676D656E743A207B
:10F57000696E76616C696420706362007463705FA9
:10F580006372656174655F7365676D656E743A205B
:10F59000696E76616C6964207062756600000000B7
:10F5A000702D3E746F745F6C656E203E3D206F70F1
:10F5B000746C656E000000002DE9F04106460D46B2
:10F5C000174600BF27B900BF0DA0F4F751FC00BFDC
:10F5D00000BF15B93046BDE8F0812C8D74B12820EC
:10F5E000844202DD211A89B200E0002188464645A6
:10F5F00001DA314600E041460E4600BF3046EAE7F8
:10F600007463705F6566665F73656E645F6D737368
:10F610005F6E657469663A20696E76616C69642014
:10F620006473745F697000002DE9F84304460D4669
:10F630000027B94600BF00BF00BF05F0030020B996
:10F6400000BF5648F4F714FC00BF00BF00BF24B948
:10F6500000BF53A0F4F70CFC00BF00BF05F0020090
:10F6600000B1012707F0010008B1042000E00020EC
:10F6700007F0020109B1002100E00021084407F071
:10F68000080109B1002100E00021084407F0100141
:10F6900009B1002100E0002100EB01094FF42072C4
:10F6A00049463620FCF73EF9B0F1000809D100BF09
:10F6B000608B40F08000608300BF4FF0FF30BDE8FA
:10F6C000F88300BFB8F80A00484504DA00BF3CA040
:10F6D000F4F7CEFB00BF00BF00972A464146204604
:10F6E000E36DFFF7B1FE061E07D100BF608B40F04F
:10F6F0008000608300BF701EE1E700BF307C00F037
:10F70000030020B100BF3DA0F4F7B2FB00BF00BF73
:10F7100000BF308920B100BF3EA0F4F7A9FB00BFB5
:10F7200000BF00BF00BFE06E08B9E66607E0E06E0C
:10F7300000E0006801680029FBD1066000BF0020DE
:10F74000A4F8680005F0020010B905F0010010B13E
:10F75000E06D401CE06505F0010028B100BF608B42
:10F7600040F02000608300BF7068FCF7CAFAB4F86C
:10F7700066100844A4F8660000BF00BFB4F8660035
:10F7800050B100BF206F30B9E06E20B900BF2CA08F
:10F79000F4F76EFB00BF00BF002090E7B0820108C5
:10F7A0007463705F656E71756575655F666C6167C2
:10F7B000733A20696E76616C696420706362000040
:10F7C0007463705F656E71756575655F666C6167A2
:10F7D000733A20636865636B20746861742066699E
:10F7E00072737420706275662063616E20686F6C3E
:10F7F00064206F70746C656E000000007365672D87
:10F800003E746370686472206E6F7420616C696707
:10F810006E6564007463705F656E71756575655FB4
:10F82000666C6167733A20696E76616C69642073F7
:10F8300065676D656E74206C656E677468000000A6
:10F840007463705F656E71756575655F666C616721
:10F85000733A20696E76616C6964207175657565AF
:10F86000206C656E6774680070B504460D465CB127
:10F8700000BF207D012804D100BF04A0F4F7F8FAEE
:10F8800000BF00BFC4F88C5070BD0000696E766187
:10F890006C696420736F636B657420737461746545
:10F8A00020666F72206572722063616C6C626163A6
:10F8B0006B00000070B525480078401C2349087093
:10F8C00000BF234804683DE0A07F204909788842B2
:10F8D00037D01E480078A077A07E00F0010088B1E4
:10F8E00000BF00BF00BF608B40F00200608300BF1C
:10F8F000204600F0E3FF00BF608B4FF6FC7108402C
:10F90000608300BFA07E00F0080058B100BF00BFB8
:10F9100000BF608B4FF6F7710840608300BF204640
:10F92000FFF758FCE568606F48B10020094908708E
:10F93000204602F003F90748007800B1C1E72C46E1
:10F9400000E0E468002CBFD170BD00004E02002032
:10F95000440200204C02002010B5044600BF207D68
:10F96000012804D100BF05A0F4F782FA00BF00BF50
:10F9700021460120FBF74EF910BD00007463705F53
:10F98000667265653A204C495354454E00000000AC
:10F990002DE9F04705460C469146984632E000BFF7
:10F9A00000BF264624687068FCF7ABF9074600BF25
:10F9B00000BF00BFB5F86600B84204DA00BF1FA060
:10F9C000F4F756FA00BF00BFB5F86600C01BA5F8F3
:10F9D0006600308923490988084422490880304656
:10F9E00002F062FF00BF00BFB5F8660050B100BF73
:10F9F0003CB9B8F1000F04D100BF1BA0F4F738FAEE
:10FA000000BF00BFB4B121694868F9F761FC8246C4
:10FA100021698889F9F769FC00F0030008B1012029
:10FA200000E0002021890844504417490968401A21
:10FA30000028B4DD2046BDE8F08700007063622D29
:10FA40003E736E645F71756575656C656E203E3DD5
:10FA500020706275665F636C656E286E6578742DC4
:10FA60003E7029006C0200207463705F72656365EC
:10FA70006976653A2076616C696420717565756593
:10FA8000206C656E677468006802002010B504463B
:10FA900000BF207D012804D100BF05A0F4F7E8F9DC
:10FAA00000BF00BF21460220FBF7B4F810BD0000E4
:10FAB0007463705F667265655F6C697374656E3AD6
:10FAC00020214C495354454E000000000D48018848
:10FAD0000088401C0B4A10800B48006818B10B4886
:10FAE0000088814205DA0A48006800F11402505C7F
:10FAF000704706480078081AC2B203480068805C64
:10FB0000F6E70000600200205C0200205A0200209C
:10FB10005402002070B50C48046812E0E568A07E2D
:10FB200000F0080058B100BF00BF00BF608B4FF667
:10FB3000F7710840608300BF2046FFF74BFB2C465F
:10FB400000BF002CEAD170BD4402002010B5F0F7D0
:10FB5000D3FBC0F30D0000F540400149088010BD03
:10FB6000340200202DE9FE4F05468B4600BF25B923
:10FB700000BFFBA0F4F77CF900BF00BFFE49686836
:10FB800008606889142802DA00BF00BF90E3FB4ACE
:10FB900011685069F8F708F828B9F848007D00F0B6
:10FBA000F000E02800D183E3F34909688889F9F778
:10FBB0009CFB00138700142F02DB2889B84202DA6D
:10FBC00000BF00BF74E3A7F11400ED4908800020D6
:10FBD000EC4908606889B84208DBE9480088EA49CE
:10FBE000088039462846FCF7E9FB43E000BF286857
:10FBF00020B900BFE5A0F4F73BF900BF00BF142116
:10FC00002846FCF7DBFB6889DF490880DC48008870
:10FC10000988401A1FFA80FADB4801882846FCF759
:10FC2000CDFB28684089504502DA00BF00BF3FE3A2
:10FC300028684068D349086051462868FCF7BEFB35
:10FC40002889A0EB0A00288100BF688920B100BF85
:10FC5000D2A0F4F70DF900BF00BF00BF28892968C2
:10FC60000989884204D000BFCFA0F4F701F900BF92
:10FC700000BF00BFC04909680888F9F736FBBE49D4
:10FC800009680880BC4909684888F9F72EFBBA4919
:10FC900009684880B84909684868F9F719FBB64906
:10FCA00009684860C8490860B34909688868F9F775
:10FCB0000FFBB14909688860C4490860AE4909680A
:10FCC000C889F9F712FBAC490968C881AA490968D3
:10FCD0008889F9F70AFB00F03F00BD4908702889C0
:10FCE000BC490880BA48007800F0030050B10846CB
:10FCF0000088401C088028890988884202DD00BFEE
:10FD000000BFD5E24FF00009B348046862E000BFCD
:10FD1000207D20B900BFB1A0F4F7AAF800BF00BF52
:10FD200000BF207D0A2804D100BFB6A0F4F7A0F8D8
:10FD300000BF00BF00BF207D012804D100BFBCA0D0
:10FD4000F4F796F800BF00BF207A50B1217A8B48B3
:10FD5000406890F83400401CC0B2814201D0A146F6
:10FD600037E0208B84490968098888422FD1E08ACE
:10FD7000814909684988884229D1804960680969B0
:10FD8000884224D17D492068496988421FD100BF3B
:10FD9000E068A04204D100BFAFA0F4F769F800BF4B
:10FDA00000BFB9F1000F07D0E068C9F80C008A481D
:10FDB0000068E0608848046000BFE068A04204D1A9
:10FDC00000BFB0A0F4F754F800BF00BF04E0A146A4
:10FDD00000BFE468002C9AD100BF002C79D1B44850
:10FDE000046837E000BF207D0A2804D000BFB1A01E
:10FDF000F4F73EF800BF00BF207A48B1217A5F488F
:10FE0000406890F83400401CC0B2814200D020E02D
:10FE1000208B594909680988884219D1E08A5649D6
:10FE200009684988884213D1544960680969884241
:10FE30000ED1524920684969884209D100BF00BFEC
:10FE4000204603F0F9FA2846FCF742F9BDE8FE8F98
:10FE500000BFE468002CC5D1A146A24806681FE097
:10FE6000307A50B1317A4548406890F83400401CEF
:10FE7000C0B2814201D0B14611E0F08A3E49096822
:10FE80004988884209D13D4930684969884200D192
:10FE900008E00EB1306800B904E0B14600BFF66872
:10FEA000002EDDD100BF9EB1B9F1000F07D0F06880
:10FEB000C9F80C008B480068F0608A48066000BFF3
:10FEC00000BF304600F06CFB2846FCF701F9BDE7A7
:10FED000FFE7002C42D00020834908602889088170
:10FEE0000846456024480068086100207F49086092
:10FEF0007F4908707F4908803548007800F0080085
:10FF000018B1687B40F001006873606F80B12046D3
:10FF100001F014FE0D3028B1606F48B12D48008803
:10FF2000002805DD608D10B9204602F0D7FC89E17C
:10FF300071480460204601F097FA804608F10D00F0
:10FF400000280CD06A48007800F0080020B100BFFB
:10FF5000D4F88C0008B1D1E0DFE0D5E082E170E1B7
:10FF60007463705F696E7075743A20696E76616C47
:10FF7000696420706275660054020020407500209C
:10FF8000580200205C0200205A020020702D3E6EB4
:10FF900065787420213D204E554C4C00702D3E6CF0
:10FFA000656E203D3D203000702D3E746F745F6C97
:10FFB000656E203D3D20702D3E6E6578742D3E743B
:10FFC0006F745F6C656E00006402002068020020A0
:10FFD000700200206E020020440200207463705FF3
:10FFE000696E7075743A2061637469766520706318
:10FFF000622D3E737461746520213D20434C4F5344
:020000040801F1
:10000000454400007463705F696E7075743A2061D6
:100010006374697665207063622D3E7374617465E4
:1000200020213D2054494D452D57414954000000A1
:100030007463705F696E7075743A20616374697679
:1000400065207063622D3E737461746520213D20CC
:100050004C495354454E00007463705F696E70756F
:10006000743A207063622D3E6E65787420213D20C5
:1000700070636220286265666F72652063616368E1
:10008000652900007463705F696E7075743A207042
:1000900063622D3E6E65787420213D20706362207E
:1000A00028616674657220636163686529000000D9
:1000B000480200207463705F696E7075743A205452
:1000C000494D452D57414954207063622D3E73744C
:1000D000617465203D3D2054494D452D574149549B
:1000E00000000000400200201C6401207402002077
:1000F000710200206C020020780200206FF00D01D8
:10010000D4F88C202069904700BF21466B4801F04D
:10011000DFF82046FFF720FC93E04FF00008684826
:100120000088002817DD6648B0F800A000BFE06F27
:1001300030B152462146E36F20699847804601E07E
:100140004FF0000800BF08F10D0000B97AE0002070
:100150005B49088000BF204600F0D4F800B171E090
:100160005848006878B300BF606F20B100BF56A048
:10017000F3F77EFE00BF00BFA07E00F0100038B194
:1001800050480068FBF7A4FF2046FEF727FE59E021
:1001900000BFD4F8800048B100234A49D4F880C099
:1001A00020690A682146E047804607E00023454869
:1001B00021460268184602F0FBF8804600BF08F1AD
:1001C0000D0008B93EE007E0B8F1000F04D03D484B
:1001D0000068606700BF00BF4248007800F0200060
:1001E00020B3606F30B1606F407B40F02000616FE2
:1001F00048731BE0208D40F66831884202D0208D84
:10020000401C208500BFD4F8800040B100231A466E
:100210002146D4F880C02069E047804601E04FF0D5
:10022000000800BF08F10D0000B90BE000202E49C6
:100230000860204600F066F800B103E0204600F0B8
:100240003DFB00BF0020284908601E490860274880
:10025000406850B325494868FBF73AFF002023491E
:10026000486022E000BF00BF214909688889F9F78A
:100270003CF800F00400A8B91D48006800881C493B
:10028000096849881B4ACDE9002102901A48006894
:100290001A4909884218174B1B1D1948016800208C
:1002A00002F0A0FA2846FBF713FF00BF00BFCDE520
:1002B0002846FBF70DFF00BFC8E500004402002000
:1002C0006C020020740200207063622D3E7265662D
:1002D000757365645F64617461203D3D204E554CCB
:1002E0004C00000071020020780200201C640120F4
:1002F0005402002050750020640200206E0200208D
:100300006802002010B5044600BF24B900BF12A047
:10031000F3F7AEFD00BF00BF1948007800F01000F1
:10032000B8B1A07E00F0100050B900BFD4F88C0026
:1003300028B16FF00E01D4F88C202069904700BFDF
:100340002146104800F0C4FF2046FFF705FB0120BE
:1003500010BD0020FCE700007463705F696E70756B
:10036000745F64656C617965645F636C6F73653A33
:1003700020696E76616C6964207063620000000021
:1003800071020020440200202DE9F04104460026BD
:1003900000BF24B900BF18A0F3F76AFD00BF00BF7B
:1003A00000BF00BF00BF00BF00BF00BF00BF00BF55
:1003B000216D481EF8F78CFF8046434600223146E7
:1003C000204600F0FBFB05462DB900BF00BF4FF0F3
:1003D000FF30BDE8F08100231A462946204600F090
:1003E000D1FC231D22462946204600F081FC074609
:1003F00000BF00BF3846ECE77463705F6B656570E3
:10040000616C6976653A20696E76616C696420700A
:10041000636200002DE9F04107467F2F01DD7F2058
:1004200000E0384606460EB9BDE8F081701EC6B23F
:100430004FF0000800251048046813E0607DB042CA
:1004400008DB607DB0420CD10C49206A0968081AAB
:10045000404506D30949206A0968A1EB00082546F2
:10046000667DE468002CE9D125B100BF00BF2846B5
:10047000FEF7B4FC00BFD7E744020020380200209A
:100480002DE9F041054600BF082D06D0092D04D006
:1004900000BF12A0F3F7ECFC00BF00BF002700264E
:1004A000124804680EE0207DA8420AD11049206A53
:1004B0000968081AB84204D30D49206A09680F1A5E
:1004C0002646E468002CEED12EB100BF00BF00210B
:1004D0003046FEF7D1FBBDE8F0810000696E766121
:1004E0006C6964207374617465000000440200202C
:1004F0003802002070B5002600250C4804680BE087
:100500000B49206A0968081AB04204D30849206AD6
:1005100009680E1A2546E468002CF1D125B100BF08
:1005200000BF2846FEF75AFC70BD000048020020BC
:100530003802002070B5044600BF24B900BF0EA0E9
:10054000F3F796FC00BF00BF00BF207D012804D058
:1005500000BF0CA0F3F78CFC00BF00BF012507E033
:100560000E4951F825100868214601F0AFFF6D1CB7
:10057000042DF5D370BD000070636220213D204E34
:10058000554C4C007063622D3E7374617465203D60
:100590003D204C495354454E00000000E87F0108BF
:1005A0002DE9FE4305465448007800F0040008B1E8
:1005B000BDE8FE8300BF25B900BF50A0F3F758FC8B
:1005C00000BF00BF4C48007800F01000C0B100BF71
:1005D00000BF524800680088504909684988504A5D
:1005E000CDE9002102904F4800684F490988421820
:1005F0004B4B1B1D4D480168284602F0F3F879E08B
:100600003D48007800F00200002873D000BF00BF12
:10061000687DFEF7F3FB044684B900BF00BF00BF4E
:10062000A86938B14FF0FF320021AB6928699847BB
:10063000804601E06FF00F0800BFB9E73848103876
:10064000406920603648103800696060E88AE082BE
:1006500032480068008820830320207531480068F4
:10066000401C6062606AE062204600F001F90646C4
:10067000A66526656664E6652A480068401E6065D2
:1006800028692061A567687A00F00C006072287AFA
:10069000207200BF00BF26480068E0602448046064
:1006A00002F0AEFE00BF01202249087000BF2046C4
:1006B00000F0D6FC19480068C08924F8600F208833
:1006C0006080603C201DF7F7E9FE8046608E221DA9
:1006D0004146FEF771FF608612212046FEF7A4FF17
:1006E000074627B100212046FEF7C6FA60E72046FC
:1006F00000F0E4F800BF5BE7700200207463705FF5
:100700006C697374656E5F696E7075743A20696E9A
:1007100076616C69642070636200000054020020FE
:1007200050750020640200206E0200206802002044
:10073000440200204C02002070B506460D46D6B19A
:100740003068C0B10C480168304600F01BF80B4817
:100750000168304600F016F86DB1286858B10848B5
:10076000046806E020683168884201D1286820606A
:10077000E468002CF6D170BD440200203C02002049
:10078000400200202DE9F04105460E46344600BFE8
:1007900025B900BF0BA0F3F76BFB00BF00BF0CE057
:1007A00020682968884207D1E76800BF00BF20465B
:1007B000FEF714FB3C4600E0E468002CF0D1BDE8F5
:1007C000F08100007463705F6E657469665F6970C4
:1007D0005F616464725F6368616E6765645F7063C4
:1007E000626C6973743A20696E76616C6964206F1B
:1007F0006C645F616464720070B505464020FEF76A
:10080000FDFA0446204670BD10B5002300BF16480F
:100810000088401C144C2080204600884FF6FF744E
:10082000A04203D14FF440400F4C2080002116E03D
:100830000E4850F8210002680DE0D08A0A4C248846
:10084000A04207D1581C83B2B3F5804F01DB0020D2
:1008500010BDDCE7D268002AEFD1481CC1B20429E0
:10086000E6DB01480088F3E734020020E87F010856
:1008700010B5044600BF24B900BF07A0F3F7F8FA8B
:1008800000BF00BF0B4800680B49096808440949CC
:1008900008600846006810BD7463705F6E65787408
:1008A0005F6973733A20696E76616C696420706366
:1008B0006200000050020020380200202DE9F84FAD
:1008C000044600BF24B900BFA5A0F3F7D1FA00BFCA
:1008D00000BF00BF207D012804D100BFA6A0F3F710
:1008E000C7FA00BF00BFAE480068A04202D1002096
:1008F000BDE8F88FB4F86000B4F84810884202DA16
:10090000B4F8600001E0B4F848008146E56E65B9CE
:1009100000BF00BF00BF00BFA07E00F0020018B102
:10092000204601F0DBFFE3E710E100BF00BF221D1E
:100930002146204601F046FF074617B96FF0030035
:10094000D6E70CB1206858B90FB1381D00E000207F
:10095000014611B96FF00300CAE70868206000BFC4
:1009600029694868F8F7B4FC616C401A2989084481
:10097000484519D9B4F8600048450CD1206F50B9EA
:1009800094F8950038B9002004F8940F01206070A5
:100990000020A070943CA07E00F0020018B1204618
:1009A00001F09CFFA4E7D1E0002084F89500266FB9
:1009B00026B100E0366830680028FBD1B3E000BF04
:1009C00029698889F8F791FC00F0040020B100BF84
:1009D00074A0F3F74DFA00BF00BF206FA0B1A07E56
:1009E00000F0440080B9E06E38B1E06E006858B99C
:1009F000E06E0089618E884206DAB4F8640018B1AE
:100A0000B4F86600582801DB012000E0002020B97E
:100A1000A07E00F0A00000B991E0207D022807D060
:100A20001020F8F762FC29698989084329698881BF
:100A30003A462146284600F001FA0090009838B165
:100A400000BF608B40F08000608300BF00984FE7DC
:100A5000002068812868E066207D022806D000BF5B
:100A6000608B4FF6FC710840608300BF29694868BD
:100A7000F8F72EFC804629698889F8F736FC00F0E3
:100A8000030008B1012000E000202989084408EB98
:100A9000000A206DB0EB0A0001D5C4F850A0296906
:100AA0008889F8F722FC00F0030008B1012000E07B
:100AB00000202989084470B300202860206F10B9F5
:100AC00025672E462EE029694868F8F701FC804624
:100AD00031694868F8F7FCFBB8EB00001CD504F15D
:100AE000700801E0D8F80080D8F8000068B1D8F8A4
:100AF000001009694868F8F7EBFB834629694868E4
:100B0000F8F7E6FBBBEB0000ECD4D8F80000286057
:100B1000C8F8005006E002E03560366802E028467A
:100B200001F0C2FEE56E55B129694868F8F7D0FBBF
:100B3000616C401A2989084448457FF640AF00BFE0
:100B4000E06E10B90020A4F8680000BF00BF608B01
:100B50004FF67F710840608300BF0020C8E60000A8
:100B60007463705F6F75747075743A20696E766126
:100B70006C69642070636200646F6E277420636127
:100B80006C6C207463705F6F757470757420666F21
:100B900072206C697374656E2D706362730000005F
:100BA00078020020525354206E6F7420657870656F
:100BB0006374656420686572652100002DE9FF415A
:100BC00004460E461746984600BF24B900BF0EA043
:100BD000F3F74EF900BF00BF608D1023218BE28A2E
:100BE000CDE901130092039043463A463146606ACC
:100BF00000F01EF805461DB1618D606A0844E06290
:100C0000284604B0BDE8F0817463705F6F7574703E
:100C100075745F616C6C6F635F6865616465723A7F
:100C200020696E76616C6964207063620000000068
:100C30002DE9F05F82460D4617469846DDF830B044
:100C400005F11400384481B24FF420722220FAF7E3
:100C500069FE0646002E30D000BF718905F11400F0
:100C6000814204DA00BF16A0F3F702F900BF00BF0B
:100C700074680A98F8F739FB20800B98F8F735FB71
:100C80006080C4F804805046F8F722FBA060A946B3
:100C9000E91705EB91718910491D4FF6FF7202EAC1
:100CA000013141EA0B00F8F720FBA0810D98F8F71D
:100CB0001CFBE0810020208260823046BDE8F09F6E
:100CC000636865636B20746861742066697273740D
:100CD00020706275662063616E20686F6C6420739B
:100CE0007472756374207463705F686472000000CE
:100CF0002DE9FE4F04460E4692469B4600BF26B99C
:100D000000BF15A0F3F7B4F800BF00BF5A46514624
:100D1000204601F057FD054615B96FF0030715E0B1
:100D200024B194F80B8094F80A9003E04FF0FF0888
:100D30004FF00009062043465A465146CDE900903F
:100D400002953046F7F7A2F9074600BF3046FBF799
:100D5000BFF93846BDE8FE8F7463705F6F757470BD
:100D600075745F636F6E74726F6C5F7365676D65CA
:100D70006E743A20696E76616C6964207062756683
:100D8000000000002DE9F04781460D4614469A46C2
:100D90004FF0000800BF25B900BF19A0F3F768F8AD
:100DA00000BF00BF6E6806F1140700BF384600EBB5
:100DB000880004F0010109B1042100E00021084489
:100DC00004F0020109B1002100E00021084404F010
:100DD000080109B1002100E00021084404F01001DD
:100DE00009B1002100E000210844B84204D000BF4E
:100DF0000DA0F3F73DF800BF00BFBDE8F08700008D
:100E00007463705F6F75747075745F66696C6C5F26
:100E10006F7074696F6E733A20696E76616C696485
:100E200020706275660000006F7074696F6E7320C9
:100E30006E6F742066696C6C656400002DE9FE4F6E
:100E400004460D46164600BF24B900BF52A0F3F772
:100E50000FF800BF00BF00BF25B900BF56A0F3F7D1
:100E600007F800BF00BF00BF26B900BF5AA0F2F7C5
:100E7000FFFF00BF00BF204600F0CCF820B100BF4C
:100E800000BF0020BDE8FE8F686AF8F721FA2169EB
:100E90008860688DF8F729FA2169C881698D686AC8
:100EA0000844E862206900F11407207B00F001008B
:100EB00068B12A1D314640F2B450FEF77DFB8246F0
:100EC0004AF00170F8F704FA38603F1D00BFB5F929
:100ED0003000002801DA00202886686B48B94748AE
:100EE0000068686321694868F8F7F2F9A86300BFF1
:100EF00000BF00BF00BF208A61688988401A1FFABE
:100F000080F860684089A0EB0800616848816068EB
:100F10000089A0EB08006168088161682069486069
:100F200000202169088200BF20691430217B01F074
:100F3000010109B1042100E000210844217B01F0F6
:100F4000020109B1002100E000210844217B01F0E9
:100F5000080109B1002100E000210844217B01F0D3
:100F6000100109B1002100E000210844B84204D07A
:100F700000BF23A0F2F77CFF00BF00BF0621A87AC4
:100F80008DE84300EB7A2A1D29466068F7F77EF862
:100F90008146484676E700007463705F6F75747031
:100FA00075745F7365676D656E743A20696E7661FE
:100FB0006C696420736567007463705F6F7574702B
:100FC00075745F7365676D656E743A20696E7661DE
:100FD0006C696420706362007463705F6F75747015
:100FE00075745F7365676D656E743A20696E7661BE
:100FF0006C6964206E657469660000003802002028
:101000006F7074696F6E73206E6F742066696C6C9C
:101010006564000010B5044600BF24B900BF06A0F7
:10102000F2F726FF00BF00BF6068807B012801D077
:10103000012010BD0020FCE77463705F6F75747051
:1010400075745F7365676D656E745F627573793A09
:1010500020696E76616C696420736567000000002A
:101060002DE9F041054600BF25B900BF2CA0F2F7DD
:10107000FFFE00BF00BF3148008800284DD000208F
:101080002F49088043E0FEF721FD074627B1012FD5
:1010900006D0022F28D106E000BF00BFBDE8F081D6
:1010A00000BF00BF31E000BF00BFFEF70FFD042806
:1010B00006D123480088801C20490988884202DD27
:1010C00000BF00BFEAE7FEF701FD0602FEF7FEFCE7
:1010D000064340F2B450864200DC16B940F2B450E8
:1010E00000E03046688610E000BF00BFFEF7EEFC6F
:1010F0000446022C02DA00BF00BFCFE7A01E104951
:10110000098808440E49088000BF00BF00BF0C4892
:1011100000880A4909888842B5DB00BFBEE70000A5
:101120007463705F70617273656F70743A20696E7A
:1011300076616C69642070636200000058020020D0
:10114000600200202DE9F84F81460C46174698466C
:10115000DDE90BAB0A9E009400BFB8F1000F04D18B
:1011600000BF23A0F2F784FE00BF00BF00BF26B976
:1011700000BF28A0F2F77CFE00BF00BFBC421BDA14
:101180000AF0020050B9B07E00F04000A0B9BBF1F7
:10119000000F03D0F06E08B9306F68B104F2B75099
:1011A00020F00300B84201D9384603E004F2B750FA
:1011B00020F0030080B200904FF42072484600995E
:1011C000FAF7B0FB054615B90020BDE8F88F00BF5F
:1011D000286820B100BF17A0F2F74AFE00BF00BF89
:1011E0006889001BA8F800002C816C812846ECE778
:1011F0007463705F706275665F707265616C6C6F4E
:10120000633A20696E76616C6964206F76657273EB
:10121000697A65007463705F706275665F7072658D
:10122000616C6C6F633A20696E76616C69642070E2
:10123000636200006E65656420756E636861696E47
:10124000656420706275660010B5044600BF2CB955
:1012500000BF18A0F2F70CFE00BF10BD00BF207D3C
:1012600030B3207D0A2823D0207D012820D000BF64
:1012700000BF606F30B100BF00BF606FFAF728FF9A
:1012800000206067E06E08B100BF00BF206F08B1AA
:1012900000BF00BF4FF0FF302086E06E01F011FB71
:1012A000206F01F00EFB0020E0662067A4F86800C4
:1012B00000BFD2E77463705F7063625F70757267BE
:1012C000653A20696E76616C696420706362000023
:1012D00070B505460C4600BF24B900BF2AA0F2F73E
:1012E000C7FD00BF00BF00BF25B900BF2DA0F2F7AA
:1012F000BFFD00BF00BF00BF2868A04203D128681F
:10130000C06828600CE0286806E0C168A14202D1EC
:10131000E168C16002E0C0680028F6D100BF00BFEC
:101320000020E06000BF2046FFF78EFF207D0A28E6
:101330000FD0207D01280CD0A07E00F0010040B12C
:1013400000BF608B40F00200608300BF2046FFF7C3
:10135000B5FA207D012811D000BFE06E20B100BF9A
:1013600018A0F2F785FD00BF00BF00BF206F20B1BD
:1013700000BF1AA0F2F77CFD00BF00BF002020755F
:10138000E08200BF00BF70BD7463705F7063625F16
:1013900072656D6F76653A20696E76616C6964205E
:1013A000706362007463705F7063625F72656D6F1B
:1013B00076653A20696E76616C6964207063626C50
:1013C00069737400756E73656E74207365676D65FF
:1013D0006E7473206C65616B696E6700756E616316
:1013E0006B6564207365676D656E7473206C6561F1
:1013F0006B696E670000000070B504460E46154626
:1014000000BF2CB900BF0AA0F2F732FD00BF70BDCB
:1014100000BF00BF207D012804D100BF0AA0F2F761
:1014200027FD00BF00BFC4F88860657700BFEEE706
:101430007463705F706F6C6C3A20696E76616C6972
:101440006420706362000000696E76616C696420DC
:10145000736F636B657420737461746520666F725B
:1014600020706F6C6C0000002DE9FE4304460027DD
:10147000002600BF24B900BFF4A0F2F7F9FC00BFBA
:1014800000BFF948007800F00400002846D0207D15
:10149000022806D1F549206D096888421BD1012731
:1014A00019E0F349606A0968884201D1012712E016
:1014B000EF49606A0968081A0DD4218D606A0844F2
:1014C000EB490968081A002805DC00BF608B40F072
:1014D0000200608300BFDFB100BF00BF00BF207DFE
:1014E00020B900BFE3A0F2F7C3FC00BF00BFE9488A
:1014F000007840F00800E749087000BF608B4FF6A5
:10150000FE710840608300BF6FF00D00BDE8FE83F0
:1015100000BF00BF00BF00BF0020F7E7D24800783F
:1015200000F0020068B1207D02280AD0207D032847
:1015300007D000BF608B40F00200608300BF002036
:10154000E4E7A07E00F0100010B9D34800682062E4
:10155000002084F8970084F896002046FFF780FD6D
:10156000207D801E08287BD2DFE800F004CAFDFC45
:10157000FBFAF9F800BF00BFBB48007800F010008C
:1015800000286ED0B848007800F002000028F8D09B
:10159000606C401CB5490968884262D1B448006853
:1015A000401C6062606AE062B04800686064BB48EA
:1015B0000068C089A4F86000B4F86000A4F8620074
:1015C000AB480068401E606504202075201DF6F7BA
:1015D00065FF8046608E221D4146FDF7EDFF608667
:1015E000608E8100400041F21C12904202D9608E50
:1015F000400001E041F21C10814202D2608E800066
:101600000AE0608E400041F21C11884202D9608ECF
:10161000400001E041F21C10A4F8480000BF00BFE8
:1016200000BFB4F86600002804DC00BF9CA0F2F7FD
:101630001FFC00BF00BFB4F86600401EA4F866009F
:1016400000BF00BF256F6DB9E56E00BF25B900BFB3
:1016500099A0F2F70DFC00BF00BF2868E06603E028
:101660005BE228E028682067284601F01DF9206F1A
:1016700018B94FF0FF30208603E00020208684F860
:10168000420000BFD4F8840038B100222146D4F8CB
:10169000843020699847064600E0002600BF06F126
:1016A0000D0010B96FF00C0030E700BF608B40F008
:1016B0000200608323E06C48007800F01000F0B175
:1016C0007648006800887549096849887F4ACDE9ED
:1016D00000210290664800687D49098842187B4BCA
:1016E0001B1D62480168204601F07CF894F8420016
:1016F000062804DA00202086204600F0B7FF0DE21D
:101700005948007800F01000002877D0606C401C29
:1017100056490968081A73D45449206D0968081A93
:1017200000286DDC0420207500BF00BFA06F10B939
:101730006FF005061FE000BFA06F806920B900BFF1
:1017400064A0F2F795FB00BF00BF00BFA06F8069E7
:1017500070B1A16F206900228B6905E0C5E183E1CA
:10176000CAE041E1DAE0C8E021469847064601E0D8
:101770006FF00F0600BF46B106F10D0010B1204614
:10178000FDF72CFB6FF00C00C0E6204600F044FA99
:101790005848008820B157480088401E55490880A5
:1017A000608E8100400041F21C12904202D9608E8E
:1017B000400001E041F21C10814202D2608E8000A4
:1017C0000AE0608E400041F21C11884202D9608E0E
:1017D000400001E041F21C10A4F8480000BF00BF27
:1017E0002C48007800F0200000B300BF608B40F070
:1017F0000200608300BF0720207526E017E0FFE7A6
:101800002648006801882548006840882F4ACDE9AD
:1018100000200291164800682D49098842182B4B78
:101820001B1D12480168204600F0DCFF0DE00E4849
:10183000007800F0020040B1606A401E0C4909685F
:10184000884202D1204600F06BFE67E17463705F4E
:1018500070726F636573733A20696E76616C696448
:101860002070636200000000700200206802002007
:10187000640200207463705F696E7075743A207042
:1018800063622D3E737461746520213D20434C4F8B
:101890005345440071020020380200205402002009
:1018A0007063622D3E736E645F71756575656C65FE
:1018B0006E203E20300000006E6F207365676D65FE
:1018C0006E7420746F20667265650000507500208C
:1018D0006E0200207063622D3E6C697374656E65E4
:1018E000722D3E61636365707420213D204E554C1E
:1018F0004C0000006C02002000BF204600F08CF974
:101900008848007800F0200038B100BF608B40F0BC
:101910000200608300BF07202075FFE0204600F032
:101920007BF98048007800F02000E8B37E4800781A
:1019300000F01000C8B37D49206D096888423BD192
:10194000E06E90BB00BF00BF00BF608B40F00200A4
:10195000608300BF2046FFF777FC00BF00BF7448DC
:101960000068A04205D172480068C06870490860EC
:101970000DE06F49086806E0C168A14202D1E16844
:10198000C16002E0C0680028F6D100BF00BF00209F
:10199000E06000BF01206749087000BF0A20207581
:1019A00000BF6548006801E00FE005E0E0606248C4
:1019B000046001F025FD16E000BF608B40F00200DE
:1019C000608300BF082020750DE05748007800F0C4
:1019D000100040B15549206D0968884203D1E06E7E
:1019E00008B90620207599E0204600F015F94D4809
:1019F000007800F02000B0B300BF00BF00BF608BD4
:101A000040F00200608300BF2046FFF71DFC00BFCE
:101A100000BF47480068A04205D145480068C0683B
:101A2000434908600DE04249086806E0C168A142E8
:101A300002D1E168C16002E0C0680028F6D100BFB1
:101A400000BF0020E06000BF01203A49087000BFDD
:101A50000A20207500BF38480068E06036480460FE
:101A600001F0CEFC00BF59E0204600F0D5F82E482A
:101A7000007800F01000B8B32C49206D0968884246
:101A800032D1E06E80BB00BF00BF2046FFF7DCFB19
:101A900000BF00BF26480068A04205D12448006866
:101AA000C068234908600DE02149086806E0C16864
:101AB000A14202D1E168C16002E0C0680028F6D10D
:101AC00000BF00BF0020E06000BF0120194908707E
:101AD00000BF0A20207500BF17480068E060164864
:101AE000046001F08DFC00BF18E0204600F094F87F
:101AF0000D48007800F0100070B10C49206D0968A5
:101B0000884209D1E06E38B900BF00BF05480078AF
:101B100040F010000349087000E000BF00BF002043
:101B2000F4E400007102002070020020680200202E
:101B3000440200204C020020480200202DE9F04120
:101B4000044600BF44B900BF29A0F2F791F900BFD5
:101B50006FF00F00BDE8F08100BF606F477B666FDC
:101B60000020606700BF00BF00BFD4F8800040B114
:101B7000002332462146D4F880C02069E04705465C
:101B800006E0002332462146184600F011FC0546C7
:101B900000BFFDB907F0200040B3208D40F668314A
:101BA000884202D0208D401C208500BFD4F88000E0
:101BB00040B100231A462146D4F880C02069E0478E
:101BC000054600E0002500BF05F10D0070B96FF07B
:101BD0000C00BFE705F10D0020B900BF00BF6FF09A
:101BE0000C00B7E766676FF00400B3E70020B1E7C9
:101BF0007463705F70726F636573735F726566752F
:101C00007365645F646174613A20696E76616C69C2
:101C100064207063620000002DE9F05F04464FF01D
:101C2000000A00BF24B900BFF7A0F2F721F900BFF6
:101C300000BF00BF207D042804DA00BFF9A0F2F73E
:101C400017F900BF00BFFE48007800F01000002820
:101C500072D0B4F86000A16D00EB0108F949606D25
:101C60000968401A15D4F749606D0968884204D1A3
:101C7000F549A06D0968401A0BD4F349A06D0968B5
:101C800088421CD1F1480068C089B4F860108842CD
:101C900015D9EE480068C08924F8600F608834F8D0
:101CA0006019884203DAB4F86000A4F86200E548DD
:101CB00000686065E4480068A06500BF00BFE249B5
:101CC000606C0968081A00284ADCE148008890BB6B
:101CD000B4F86010A06D084440453AD1B4F9300022
:101CE000002836DBD849606C0968884231D14FF052
:101CF000010A94F84300401CC0B294F84310884293
:101D000004DD94F84300401C84F8430094F8430039
:101D1000032817DD00BFB4F84800618E084480B284
:101D2000B4F84810884208DBB4F84800618E0844D3
:101D3000A4F8480005E00CE035E14FF6FF70A4F888
:101D4000480000BF94F84300032802DB204600F05F
:101D500037FCBAF1000F02D1002084F84300F0E014
:101D6000606C401CB8490968081A6ED4B649206DE9
:101D70000968081A002868DCA07E00F0040060B141
:101D800000BF608B4FF6FB710840608300BF483492
:101D90006088208000206084483C00202434A077A4
:101DA000608BB4F9181000EBE10000B2A083208C26
:101DB000A5490988081A86B20020E077A248006881
:101DC000206214F8100C243C042868DBB4F84800A6
:101DD000B4F84A10884229DA628B02F400620AB130
:101DE000012200E002221146628E4A4392B2B242C0
:101DF00001DD324602E0628E4A4392B2104600BFD5
:101E0000B4F84820024492B2B4F848309A4205DB54
:101E1000B4F848200244A4F8482003E04FF6FF72CB
:101E2000A4F8482000BF00BF00BF38E000BFB4F8EE
:101E30006A00304480B2B4F86A10884206DBB4F815
:101E40006A003044A4F86A0004E077E04FF6FF70BF
:101E5000A4F86A0000BFB4F86A00B4F848108842D9
:101E60001BDB4834608C2188401A6084483C00BFEA
:101E7000B4F84800618E084480B2B4F84810884233
:101E800006DBB4F84800618E0844A4F8480003E07B
:101E90004FF6FF70A4F8480000BF00BF00BF00BFAE
:101EA00000BF6CA22046D4E91B31FDF771FD20670D
:101EB0006AA22046D4E91B13FDF76AFDE066206F95
:101EC00018B94FF0FF30208601E000202086002066
:101ED0002077E06E10B90020A4F86800B4F8640020
:101EE000604909880844A4F86400608B00F400602D
:101EF00018B3206F88B9E06E40B1E16E0969486897
:101F0000F7F7E6F9E16C081A002816DC00BF608BD1
:101F10004FF2FF71084060830FE0216F0969486844
:101F2000F7F7D6F9E16C081A002806DC00BF608BD1
:101F30004FF2FF710840608300BF02E0204600F0CE
:101F4000CDFC00BF00BF606B68B33F49A06B096860
:101F5000401A28D5A08E44490988081A05B200BF46
:101F600000BFB4F93C00A5EBE00005B2A08F284407
:101F700000B2A087002D01DA684205B2B4F93E0034
:101F8000A5EBA00005B2E08F284400B2E087E08F07
:101F9000B4F93C1000EBE10000B2A4F8400000BF2F
:101FA00000BF002060632A48008800282BDD207DC8
:101FB000072828DA2348616A0068401C081A67D499
:101FC0002048616A0068224A12881044401E081A9C
:101FD00000285DDC254847681A49606A0968A0EB5B
:101FE000010900BF2148406820B900BF20A0F1F7D7
:101FF0003FFF00BF00BF00BF4FF6FF7081454BD3CE
:1020000000BF1FA045E059E17463705F72656365AE
:102010006976653A20696E76616C696420706362E6
:10202000000000007463705F726563656976653AED
:102030002077726F6E672073746174650000000012
:102040007002002064020020680200205402002078
:102050006E020020756E61636B656400756E73655A
:102060006E7400006C020020380200201C64012005
:10207000696E7365672E7020213D204E554C4C00D3
:10208000696E73616E65206F66667365742100000A
:1020900033E0F1F7EDFE00BF00BF1FFA89F600BF85
:1020A000914840680089B04204DA00BF8FA0F1F780
:1020B000DFFE00BF00BF8C480089801B8A49088171
:1020C000084640680089801B1FFA80FB07E078897A
:1020D000301A86B2A7F808B0002078813F68788966
:1020E000B042F4DB31463846FAF768F98349606A52
:1020F00008607D49096948600CE08049606A0968A8
:10210000081A07D500BF00BF00BF608B40F0020077
:10211000608300BF7949606A0968081A7ED4218DFE
:10212000606A0844401E75490968081A002875DC71
:102130007249606A0968884271D16B490969888966
:10214000F7F7D3F800F0030008B1012000E0002009
:102150006549098908446A490880208D09888842B0
:1021600052DA00BF00BF604909698889F7F7BDF8F6
:1021700000F0010098B15C4909698889F7F7B5F862
:1021800000F03E063046F7F7B0F8574909698989EB
:102190004CF2FF0211400843534909698881208DA0
:1021A0005149088109698889F7F79FF800F0020012
:1021B00020B14D480089401E4B4908814A4A118987
:1021C0005068FAF75FF8484909698889F7F78DF888
:1021D00000F0030008B1012000E000204249098915
:1021E00008444749088000BF218D606A0144434884
:1021F0000068434A12881044814204D000BF41A0C5
:10220000F1F736FE00BF00BF3C4800683C49098832
:102210000844606200BF208D394901E04AE045E092
:102220000988884204DA00BF44A0F1F721FE00BF0C
:1022300000BF208D32490988401A2085204601F0D0
:1022400085F9294840680089002806DD264840684D
:102250004249086000202449486023490969888967
:10226000F7F743F800F0010038B100BF00BF3C4869
:10227000007840F020003A49087000BFA07E00F0CE
:10228000010060B100BF608B4FF6FE7108406083B3
:1022900000BF00BF608B40F00200608305E000BF1C
:1022A000608B40F00100608300BF1BE0204600F01F
:1022B00015FB17E0204600F011FB13E00F49606AA0
:1022C0000968081A08D4218D606A0844401E0B4929
:1022D0000968081A002805DD00BF608B40F0020085
:1022E000608300BFBDE8F09F1C64012070627566CA
:1022F00020746F6F2073686F727421006402002075
:102300006E0200207463705F726563656976653A7A
:10231000207365676D656E74206E6F7420747269CA
:102320006D6D656420636F72726563746C7920747F
:102330006F207263765F776E640A00007463705F6B
:10234000726563656976653A207463706C656E20AA
:102350003E207263765F776E640A0000740200208C
:102360007102002070B504460D465CB100BF207DAF
:10237000012804D100BF04A0F1F77AFD00BF00BF1F
:10238000C4F8805070BD0000696E76616C6964208D
:10239000736F636B657420737461746520666F720C
:1023A00020726563762063616C6C6261636B000010
:1023B0002DE9F04107460D4614461E4600BF45B9BB
:1023C00000BF0CA0F1F754FD00BF6FF00F00BDE897
:1023D000F08100BF3CB12189284600F019F8204661
:1023E000F9F776FE04E01EB92846FCF7F7FDEEE7A4
:1023F0000020ECE77463705F726563765F6E756CE6
:102400006C3A20696E76616C6964207063620000CA
:102410002DE9F04104460F4600BF34B900BF1BA0B0
:10242000F1F726FD00BFBDE8F08100BF00BF207DB1
:10243000012804D100BF1BA0F1F71AFD00BF00BFA7
:10244000208D384485B240F66830854202DC208D0C
:10245000A84205DD00BF00BF40F66830208500E0DF
:102460002585204601F072F8064640F2DA208642C1
:1024700008D300BF608B40F00200608300BF20469D
:10248000FEF71CFA00BF00BF00BFCCE77463705FAB
:102490007265637665643A20696E76616C69642062
:1024A00070636200646F6E27742063616C6C2074CB
:1024B00063705F72656376656420666F72206C6915
:1024C0007374656E2D7063627300000070B506460C
:1024D0000D4600BF25B900BF07A0F1F7C9FC00BF3A
:1024E00000BF344605E0A06FA84201D10020A067DC
:1024F000E468002CF7D170BD7463705F72656D6F16
:1025000076655F6C697374656E65723A20696E7684
:10251000616C6964206C697374656E65720000009B
:102520002DE9F041044600BF24B900BF1EA0F1F719
:102530009FFC00BF00BF206F18B96FF00500BDE819
:10254000F081256F2846FEF765FD20B100BF00BF72
:102550006FF00500F3E72868206704F16C0600E0DF
:102560003668306858B1316809694868F6F7B0FED6
:10257000074629694868F6F7ABFE381AF0D4306888
:1025800028603560286810B90020A4F8680094F825
:102590004200FF2804DA94F84200401C84F842000C
:1025A0000020606300BFCAE77463705F7265786D76
:1025B00069743A20696E76616C69642070636200A8
:1025C00010B5044600BF24B900BF20A0F1F750FCAD
:1025D00000BF00BF206FC0B3A07E00F00400A0BB0E
:1025E00000BF00BF2046FFF79BFF70BBB4F8481048
:1025F000B4F86020914202DAB4F8481001E0B4F86F
:102600006010084601EBD071C1F34F01A4F84A10E5
:10261000B4F84A00618E4900884206D200BF00BF6C
:10262000608E4004000CA4F84A00B4F84A00618EA1
:10263000032202FB0100A4F8480000BF608B40F0B9
:102640000400608300BF0020208610BD7463705FAB
:102650007265786D69745F666173743A20696E762D
:10266000616C6964207063620000000010B504466C
:1026700000BF24B900BF06A0F1F7FAFB00BF00BFFE
:10268000204600F03DF810B9204600F00FF810BDCC
:102690007463705F7265786D69745F72746F3A20ED
:1026A000696E76616C6964207063620010B50446DF
:1026B00000BF24B900BF09A0F1F7DAFB00BF00BFDB
:1026C00094F84200FF2804DA94F84200401C84F891
:1026D00042002046FEF7F2F810BD00007463705F00
:1026E0007265786D69745F72746F5F636F6D6D6929
:1026F000743A20696E76616C6964207063620000D0
:1027000070B5044600BF24B900BF25A0F1F7B0FBA7
:1027100000BF00BF206F10B96FF0050070BD256FBE
:1027200009E02846FEF776FC20B100BF00BF6FF03D
:102730000500F3E72D6828680028F2D12846FEF747
:1027400069FC20B100BF00BF6FF00500E6E7E06E56
:102750002860E06E10B96889A4F86800206FE06610
:102760000020206700BF608B40F40060608300BFE2
:1027700029694868F6F7ACFD064629698889F6F7A5
:10278000B4FD00F0030008B1012000E00020298919
:1027900008443044E0640020606300BFBEE70000EE
:1027A0007463705F7265786D69745F72746F5F7067
:1027B0007265706172653A20696E76616C69642039
:1027C0007063620070B504460E4615462CB1207A3F
:1027D00018B1207AF8F7FAFE70BD2846F5F75EFECC
:1027E000FAE700002DE9F04F85B083460E46174604
:1027F0001D46DDF8388000BF25B900BF1CA0F1F7E9
:1028000037FB00BF00BF00BFB8F1000F04D100BF0D
:102810001EA0F1F72DFB00BF00BF4FF0000A46F6E7
:102820000B093046F6F754FD14220490DDE90F0140
:102830008DE80702002251463846049BFEF7F8F95E
:10284000044624B900BF00BF05B0BDE8F08F0023E7
:102850001A4621465846FEF795FA43462A4621462F
:102860005846FEF745FA00BF00BF00BFECE7000086
:102870007463705F7273743A20696E76616C696418
:10288000206C6F63616C5F69700000007463705F3F
:102890007273743A20696E76616C69642072656D3A
:1028A0006F74655F6970000010B5044644B16068DC
:1028B00010B16068F9F70CFC21460320F8F7AAF97B
:1028C00010BD70B5044605E025682046FFF7ECFF13
:1028D0002C4600BF002CF7D170BD00002DE9F04759
:1028E00004460025A94600BF24B900BF2BA0F1F77C
:1028F000BFFA00BF00BF05F0010008B1042000E0EE
:10290000002005F0020109B1002100E00021084487
:1029100005F0080109B1002100E00021084405F09C
:10292000100109B1002100E0002100EB0108206D39
:10293000F6F7CEFC82465346002241462046FEF77B
:102940003DF906465EB900BF608B40F0030060832E
:1029500000BF00BF00BF6FF00100BDE8F0874B462D
:102960002A4631462046FEF70DFA00BF00BF231D60
:10297000224631462046FEF7BBF907462FB100BF7D
:10298000608B40F00300608306E000BF608B4FF671
:10299000FC710840608300BF3846DEE77463705FF7
:1029A00073656E645F656D7074795F61636B3A2007
:1029B000696E76616C6964207063620070B504466C
:1029C00000BF24B900BF15A0F1F752FA00BF00BF45
:1029D000E06EE8B1E56E00E02D6828680028FBD1C4
:1029E00029698889F6F781FC00F0070078B9012091
:1029F000F6F77BFC2969898908432969888100BF2A
:102A0000608B40F02000608300BF002070BD00BFDD
:102A100001212046FCF708FEF8E700007463705FB0
:102A200073656E645F66696E3A20696E76616C6983
:102A3000642070636200000070B504460D4654B116
:102A400000BF207D012804D100BF03A0F1F710FAD8
:102A500000BF00BFE56770BD696E76616C69642078
:102A6000736F636B657420737461746520666F7235
:102A70002073656E742063616C6C6261636B00002F
:102A800070B504460D46164600BF3CB900BF1BA0FA
:102A9000F1F7EEF900BF6FF00F0070BD00BF207DB1
:102AA000012802D16FF00A00F7E795B100BF608BF3
:102AB00040F01000608300BF26B101212046FCF7E2
:102AC000B7FAEAE7606F20B1606FF9F701FB002009
:102AD00060678EB1207D032804D0042803D0072826
:102AE00007D101E000BF00BFE9B22046FCF7A0FA21
:102AF000D3E76FF00A00D0E70020CEE77463705F81
:102B000073687574646F776E3A20696E76616C696C
:102B100064207063620000002DE9F04F85B04FF033
:102B20000009F7480068401CF5490860F54800783E
:102B3000401CF449087000BF0025F34804680CB934
:102B400000BF00BF9EE200BF00BF00BF207D20B9D4
:102B500000BFEEA0F1F78CF900BF00BF00BF207DE1
:102B6000012804D100BFF4A0F1F782F900BF00BF33
:102B700000BF207D0A2804D100BFFAA0F1F778F940
:102B800000BF00BFA07FDF490978884202D12546F7
:102B9000E46877E2DB480078A0770026B046207D25
:102BA000022807D194F84200062803DB701CC6B245
:102BB00000BFCCE094F842000C2803DB701CC6B2C6
:102BC00000BFC4E094F89500002853DD00BF206FDB
:102BD00020B100BFEFA0F1F74BF900BF00BF00BF6D
:102BE000E06E20B900BFF8A0F1F742F900BF00BFC6
:102BF00094F896000C2802DB701CC6B2A7E094F88B
:102C00009500401EFE490F5C94F89400B84204DA27
:102C100094F89400401C84F8940094F89400B8420E
:102C200027DB4FF0010AB4F8600030B9204601F00C
:102C300091F970B14FF0000A0BE0B4F86010204633
:102C400000F0AEFA28B92046FDF738FE08B94FF07B
:102C5000000ABAF1000F0BD0002084F8940094F819
:102C60009500072804D294F89500401C84F895003C
:102C700000BF6CE0B4F93000002809DBB4F9300083
:102C800047F6FF71884203DA208E401C00B220868E
:102C9000B4F93000B4F94010884258DB00BF00BFDF
:102CA0002046FFF72DFD18B1206F70BBE06E60B3BA
:102CB000207D02281ED094F842200C2A02D294F8DB
:102CC000422000E00C221146B4F93E20B4F93C3019
:102CD00002EBE302CB4B5B5C02FA03F047F6FF72B8
:102CE000904201DA024601E047F6FF7212B2A4F800
:102CF000402000BF00202086B4F84800B4F86010DF
:102D0000884203DAB4F8480002E020E0B4F860003A
:102D1000049004984010A4F84A00B4F84A00618E68
:102D20004FF6FF7202EA4101884205DA608E1146D1
:102D300001EA4000A4F84A00608EA4F8480000BFF1
:102D400000BF0020A4F86A002046FFF7AFFC207DFA
:102D500006280DD1A07E00F0100048B16849206A15
:102D60000968081A282803D9701CC6B200BF00BF22
:102D7000607A00F00800F8B1207D042802D0207DA0
:102D800007283AD1A049D4F8900008444FF4FA71CA
:102D9000B0FBF1F05A4A216A1268511A88420CD2EB
:102DA00000BF00BF00BF00BF00BF00BF701CC6B2A5
:102DB00008F1010000F0FF081FE094F8971042F2BC
:102DC0009F4211FB02F1D4F8900000EBC1004FF4D8
:102DD000FA71B0FBF1F04A4A216A1268511A88422E
:102DE0000BD22046FDF7D0FA8146B9F1000F04D18D
:102DF00094F89700401C84F89700207D032809D19F
:102E00003F49206A0968081A282803D9701CC6B2ED
:102E100000BF00BF207D092809D13949206A09680F
:102E2000081AF02803D9701CC6B200BF00BF002EDC
:102E30004AD0D4F88CA02046FEF706FA6DB100BF48
:102E400031480068844204D100BF70A0F1F710F847
:102E500000BF00BFE068E8600DE000BF2A480068DE
:102E6000A04204D000BF74A0F1F702F800BF00BF79
:102E70002549E0680860B8F1000F0BD0208BE18A8B
:102E8000221DCDE90021029023462046626A216D71
:102E9000FFF7A8FCD4F810B0207D03902746E46823
:102EA0003846FCF759FD00206E49087000BFBAF1A2
:102EB000000F03D06FF00C015846D04700BF69489F
:102EC000007800B138E6DCE02546E468287F401C45
:102ED0002877287F697F884211DB0020287700BF90
:102EE00000BF6049087000BFD5F8880030B129469E
:102EF000D5F88820286990478146B7E0B4E0C0E063
:102F0000380200204E020020440200207463705FEB
:102F1000736C6F77746D723A2061637469766520A3
:102F20007063622D3E737461746520213D20434CB3
:102F30004F5345440A0000007463705F736C6F77F1
:102F4000746D723A20616374697665207063622DD6
:102F50003E737461746520213D204C495354454EA5
:102F60000A0000007463705F736C6F77746D723A5F
:102F700020616374697665207063622D3E737461AD
:102F8000746520213D2054494D452D574149540A2F
:102F9000000000007463705F736C6F7774696D720A
:102FA0003A2070657273697374207469636B696E1B
:102FB00067207769746820696E2D666C696768742C
:102FC00020646174610000007463705F736C6F77DC
:102FD00074696D723A2070657273697374207469D4
:102FE000636B696E67207769746820656D707479AA
:102FF0002073656E6420627566666572000000006D
:10300000E17F0108D47F0108B84C0A007463705F47
:10301000736C6F77746D723A206D6964646C6520AF
:1030200074637020213D207463705F6163746976FE
:10303000655F7063627300007463705F736C6F77B9
:10304000746D723A20666972737420706362203DF9
:103050003D207463705F6163746976655F7063625D
:10306000730000004C0200204FF0000900BF294807
:10307000007800B160E5B9F1000F02D12846FDF7F4
:103080001DFC00BF002C7FF45EAD002522480468C3
:103090003BE000BF207D0A2804D000BF1FA0F0F74E
:1030A000E7FE00BF00BF00262849206A0968081A09
:1030B000F02801D9701CC6B22EB32046FEF7C4F822
:1030C0006DB100BF14480068844204D100BF20A045
:1030D000F0F7CEFE00BF00BFE068E8600DE000BF83
:1030E0000D480068A04204D000BF23A0F0F7C0FE46
:1030F00000BF00BF0849E06808602746E46838461A
:10310000FCF72AFC01E02546E468002CC1D105B09B
:10311000BDE8F08F4C020020480200207463705F0D
:10312000736C6F77746D723A2054494D452D574139
:103130004954207063622D3E7374617465203D3D77
:103140002054494D452D5741495400003802002074
:103150007463705F736C6F77746D723A206D69641D
:10316000646C652074637020213D207463705F740B
:10317000775F7063627300007463705F736C6F7766
:10318000746D723A20666972737420706362203DB8
:103190003D207463705F74775F706362730000003A
:1031A0002DE9F04F85B005460E4600270024A346C2
:1031B00000BF25B900BF75A0F0F75AFE00BF00BFE1
:1031C000EC6E24B94FF0FF3005B0BDE8F08F4EB97A
:1031D00000BF00BF76A0F0F74BFE00BF00BF6FF04E
:1031E0000500F1E72089B04201DC0020ECE700BFD8
:1031F000688EB04204DA00BF76A0F0F739FE00BF57
:1032000000BF00BF2089002804DC00BF75A0F0F7D4
:103210002FFE00BF00BF00BF00BF94F80C8008F075
:10322000010008B1042000E0002008F0020109B10B
:10323000002100E00021084408F0080109B1002144
:1032400000E00021084408F0100109B1002100E06D
:103250000021084404902089801B1FFA80FA0498FA
:10326000504481B24FF420723620F8F75BFB83465E
:10327000BBF1000F02D100BF00BF76E0606800899B
:103280002189401A304480B20290DBF80430049A5D
:10329000991860685246029BF8F78AFD504502D0A3
:1032A00000BF00BF61E021698889F6F71EF800F0D1
:1032B0003F090020039009F0080028B129F008090F
:1032C000039840F00800039009F0010028B129F0AC
:1032D0000109039840F00100039021694868F5F75F
:1032E000F7FF30440346CDE9008059462846039A4B
:1032F000FCF7AAF8074627B94FF0000B00BF00BF44
:1033000033E06068F8F7FDFC35F8661F081A28807E
:1033100062681289A2EB0A0291B26068F8F7B2FF04
:103320002089A0EB0A0020814846F5F7DEFF2169DD
:103330008989084321698881002060816068F8F7E5
:10334000E0FC2988084428807868F8F7DAFC2988A6
:10335000084425F86609206838602760386810B985
:103360000020A5F8680000202EE700BF27B100BFAD
:1033700020A0F0F77DFD00BF00BFBBF1000F02D021
:103380005846F8F7A5FE4FF0FF301DE77463705FF5
:1033900073706C69745F756E73656E745F73656767
:1033A0003A20696E76616C69642070636200000087
:1033B00043616E27742073706C6974207365676D48
:1033C000656E7420696E746F206C656E677468201A
:1033D0003000000073706C6974203C3D206D737385
:1033E00000000000757365672D3E6C656E203E2001
:1033F00030000000736567203D3D204E554C4C0069
:1034000010B50948006868B90848006810B908484C
:10341000006838B101200449086000220549FA20FB
:10342000FBF73EFB10BD0000840200204402002098
:1034300048020020F14101083EB5044626480078C4
:1034400000F0040000B13EBD00BF24B900BF23A0BE
:10345000F0F70EFD00BF00BF1F48007800F002002B
:1034600018B32649606A0968081A26D4218D606A53
:10347000084422490968081A00281EDC2048006810
:1034800000881F49096849881E4ACDE90021029039
:103490001A4800681C49098842181A4B1B1D1B4812
:1034A00001682046FFF79EF9CDE70B48007800F051
:1034B000010010B1164800682062134800880028F7
:1034C00008DD00BF608B40F00200608300BF204633
:1034D000FDF7F4F900BFB6E7700200207463705F77
:1034E00074696D65776169745F696E7075743A208F
:1034F000696E76616C69642070636200640200200A
:1035000054020020507500206E0200206802002046
:103510003802002010B5FCF7CDF906480078401CB1
:10352000C0B20449087000F0010008B1FFF7F4FAD6
:1035300010BD00004D0200200348007840F010004C
:1035400001490870704700007102002070B5044600
:1035500000BF24B900BF19A0F0F78AFC00BF00BF6C
:10356000218D606A4518608E40F2B452E16A904243
:1035700001DD104600E0608E0844281A04D4208D36
:103580006085E06A281A70BDE16A606A401A002806
:1035900002DD002060850EE0616AE06A461A00BF25
:1035A000B6F5803F04D300BF0DA0F0F761FC00BF6B
:1035B00000BF668500BF0020E5E700007463705F10
:1035C0007570646174655F7263765F616E6E5F775C
:1035D0006E643A20696E76616C6964207063620083
:1035E0006E65775F7263765F616E6E5F776E642083
:1035F0003C3D203078666666660000002DE9FF4F8E
:1036000091B005468B461746002010900024824654
:103610000F900E9000260B900A908046099008901B
:1036200000BF4DB900BFFEA0F0F722FC00BF6FF055
:103630000F0015B0BDE8F08F00BFB5F8621001EBC8
:10364000D17252106B8E9A4201DD6A8E04E0B5F899
:10365000620000EBD072521092B20692069A0AB142
:10366000069800E0688E069000BF00BF00BFBBF167
:10367000000F07D100BFF0A0F0F7FAFB00BF6FF01A
:103680000F00D6E700BF3946284600F0C1FB07907F
:10369000079808B10798CCE7B5F866000D900020B0
:1036A0000C90E86E00287CD0EC6E00E02468206866
:1036B0000028FBD1207B00F0010008B1042000E0CD
:1036C0000020217B01F0020109B1002100E000216E
:1036D0000844217B01F0080109B1002100E000212C
:1036E0000844217B01F0100109B1002100E0002114
:1036F0000844059000BF218905980144069881423D
:1037000004DD00BFD9A0F0F7B3FB00BF00BF2189E3
:10371000059801440698401A1FFA80F900BFB5F8D1
:1037200068006189884204D000BFD6A0F0F7A0FBF2
:1037300000BF00BFB5F868000A90BDF82800002857
:103740002DDD00BFBDF82800484504DD00BFD9A02D
:10375000F0F78EFB00BF00BFA246BDF82800B842BC
:1037600002DABDF8280000E03846484501DD484649
:1037700007E0BDF82800B84202DABDF8280000E0F2
:103780003846804606EB080086B2BDF82800A0EB5C
:10379000080080B20A90A9EB08001FFA80F900BF68
:1037A00000E07CE0BDF8280030B1BE4204D000BF8C
:1037B000C8A0F0F75DFB00BF00BFBE426EDAB9F1F2
:1037C000000F6BDD2089002868DDB81B484501DD4E
:1037D000484600E0B81B80B20490A246149800F05E
:1037E000010008B3012114980AAB4A46CDE9005004
:1037F000029100200499FDF7A5FC109010B900BFBC
:1038000000BF83E2BDF8280009900BEB0601109A77
:103810005068049AECF782FD1098F8F772FA0D9947
:10382000084480B20D9035E06068039002E0039890
:1038300000680390039800680028F8D10398007B83
:1038400000F0C00080B90398416840890844584599
:103850000AD100BF26B100BFA6A0F0F709FB00BF48
:1038600000BF0498089014E0012200200499F8F7A2
:1038700059F8109010B900BF00BF47E20BEB0601EA
:10388000109841601098F8F73CFA0D99084480B2FE
:103890000D9000BF0498304486B200BF09E000BF1D
:1038A000B5F8680020B100BF9DA0F0F7E1FA00BFB5
:1038B00000BFA7E0B81B80B205900C990698401A8B
:1038C00080B20490DDE90410884201DA059800E036
:1038D00004980390149800F0010068B30E9808B99A
:1038E000012100E000211498CDE9005002910C9ACA
:1038F0000398104481B20AAB3620069AFDF722FCE9
:10390000B0F1000902D100BF00BFFFE100BFB9F86C
:103910000A100398814204DA00BF8DA0F0F7A8FADC
:1039200000BF00BF0BEB0601D9F804300C9A9818C1
:10393000039AECF7F3FC2BE000BFBDF8280020B1A0
:1039400000BF93A0F0F794FA00BF00BF0122362019
:103950000399F7F7E7FF029010B900BF00BFD5E168
:103960000BEB0601029841604FF4207236200C994F
:10397000F7F7D8FFB0F1000905D10298F8F7A8FBD6
:1039800000BF00BFC2E148460299F8F73FF900BF07
:103990004846F8F7B6F90D99084480B20D900D9895
:1039A000582805D900BF00BF4846F8F791FBADE1A4
:1039B0000B980090E86D8319002249462846FBF7D2
:1039C00043FDB0F1000A00D1A0E1BDF82800AAF83B
:1039D0000A000E9810B9CDF838A00BE000BF0F9880
:1039E00020B900BF6EA0F0F743FA00BF00BF0F98E8
:1039F000C0F800A0CDF83CA000BF00BF0398304441
:103A000086B200BFBE42FFF655AF2CB1099818B17F
:103A10006189099808446081B8F1000FCAE000008C
:103A20007463705F77726974653A20696E76616C51
:103A300069642070636200007463705F77726974F8
:103A4000653A20617267203D3D204E554C4C202840
:103A500070726F6772616D6D65722076696F6C61EF
:103A60007465732041504929000000006D73735F35
:103A70006C6F63616C20697320746F6F20736D616C
:103A80006C6C0000756E73656E745F6F7665727333
:103A9000697A65206D69736D61746368202870634D
:103AA000622076732E206C6173745F756E73656E21
:103AB00074290000696E636F6E73697374656E7448
:103AC000206F76657273697A652076732E20737025
:103AD00061636500696E636F6E73697374656E749C
:103AE000206F76657273697A652076732E206C6517
:103AF0006E0000007463705F77726974653A2052DB
:103B00004F4D2070627566732063616E6E6F742016
:103B10006265206F76657273697A656400000000E3
:103B2000756E73656E745F6F76657273697A652002
:103B30006D69736D6174636820287063622D3E75D2
:103B40006E73656E74206973204E554C4C290000CD
:103B50007463705F77726974653A20636865636B3C
:103B6000207468617420666972737420706275666F
:103B70002063616E20686F6C642074686520636FD9
:103B80006D706C657465207365676C656E00000010
:103B90006F76657273697A65203D3D2030000000C4
:103BA000707265765F73656720213D204E554C4CE1
:103BB000000000002FDDD4F8049017E0B9F80800E9
:103BC0004044A9F80800D9F8000068B9B9F80A20FB
:103BD000D9F80410881842465946ECF79FFBB9F80B
:103BE0000A004044A9F80A00D9F80090B9F1000F82
:103BF000E4D120894044208100BF6089404504DA37
:103C000000BF54A0F0F734F900BF00BF6089A0EBFB
:103C10000800608100BFBDF82800A5F86800109872
:103C200088B100BF24B900BF55A0F0F721F900BF4B
:103C300000BF60681099F7F7E9FF218910980089A3
:103C4000084420812CE00898002829DD00BF0CB131
:103C5000606820B900BF58A0F0F70AF900BF00BFA4
:103C6000D4F8049007E0B9F8081008980844A9F8B7
:103C70000800D9F80090D9F800000028F3D1B9F86D
:103C8000081008980844A9F80800B9F80A1008981C
:103C90000844A9F80A00218908980844208100BF37
:103CA00014B90E98E86601E00E98206055F85C0F94
:103CB000384428602889C01B28810D9868815C3DA4
:103CC00000BF00BFB5F8660050B100BF286F30B923
:103CD000E86E20B900BF46A0F0F7CAF800BF00BFE9
:103CE000BAF1000F10D0DAF8100068B1149800F0A3
:103CF000020048B90820F5F7F8FADAF810108989B7
:103D00000843DAF810108881002092E400BF688B25
:103D100040F08000688300BF109810B11098F8F749
:103D2000D7F90E9810B10E98FEF7CBFDB5F86600E6
:103D300050B100BF286F30B9E86E20B900BF2CA089
:103D4000F0F796F800BF00BF00BF00BF4FF0FF3094
:103D50006FE400006C6173745F756E73656E742D33
:103D60003E6F76657273697A655F6C656674203E36
:103D70003D206F76657273697A655F75736564005F
:103D80007463705F77726974653A2063616E6E6FF9
:103D90007420636F6E636174656E6174652077680B
:103DA000656E207063622D3E756E73656E7420695A
:103DB0007320656D707479007463705F77726974D5
:103DC000653A20657874656E73696F6E206F662042
:103DD0007265666572656E6365207265717569727C
:103DE0006573207265666572656E6365000000002C
:103DF0007463705F77726974653A2076616C696488
:103E0000207175657565206C656E677468000000CB
:103E100070B504460D4600BF24B900BF29A0F0F7D5
:103E200027F800BF00BF207D04280DD0207D072883
:103E30000AD0207D022807D0207D032804D000BFAF
:103E400000BF6FF00A0070BD0DB90020FBE7B4F8A9
:103E50006400A8420ADA00BF00BF00BF608B40F0D8
:103E60008000608300BF4FF0FF30ECE700BF00BF71
:103E7000B4F8660058280AD300BF00BF00BF608BAB
:103E800040F08000608300BF4FF0FF30DBE7B4F804
:103E9000660050B100BF206F30B9E06E20B900BF9E
:103EA00010A0EFF7E5FF00BF0AE000BF206F08B9E0
:103EB000E06E20B100BF1AA0EFF7DAFF00BF00BF2D
:103EC0000020C0E77463705F77726974655F636830
:103ED00065636B733A20696E76616C696420706308
:103EE000620000007463705F77726974653A2070D5
:103EF00062756673206F6E207175657565203D3E35
:103F0000206174206C65617374206F6E652071751B
:103F1000657565206E6F6E2D656D7074790000009B
:103F20007463705F77726974653A206E6F20706297
:103F3000756673206F6E207175657565203D3E2036
:103F4000626F74682071756575657320656D707436
:103F5000790000002DE9FC5F04460020009000BFBE
:103F600024B900BF3AA0EFF783FF00BF00BF00BF36
:103F700000BF00BF00BF00BF00BF00BF00BFE56EB5
:103F800015B90020BDE8FC9F94F89600FF2804DADC
:103F900094F89600401C84F8960029698889F5F702
:103FA000A4F900F0010018B1288908B9012000E047
:103FB00000208146B9F1000F01D1012000E000206E
:103FC000824628694368524620460099FCF7F6FD70
:103FD000064626B900BF00BF4FF0FF30D2E7776832
:103FE000B9F1000F09D01120F5F77FF9B9894CF22A
:103FF000FF0211400843B8810DE0706800F1140B16
:10400000696809892A89891A8BB201225946686828
:10401000F7F7CEFE00BF29694868F5F759F900F1B6
:104020000108206DB0EB080001D5C4F850800023D2
:104030001A4631462046FCF7A5FE231D224631468E
:104040002046FCF755FE019000BF00BF019899E79C
:104050007463705F7A65726F5F77696E646F775FA4
:1040600070726F62653A20696E76616C6964207067
:10407000636200007CB504460D46F5F73DF9134830
:1040800004601348056008211248FAF771FA30B14C
:1040900000BF00BF10A0EFF7EBFE00BF00BF174846
:1040A000FAF720FB30B100BF00BF15A0EFF7E0FE2C
:1040B00000BF00BF05204FF40063002219490090A3
:1040C00019A0FAF7ABFC01907CBD0000C4010020F0
:1040D000C8010020CC0100206661696C6564207411
:1040E0006F206372656174652074637069705F74BA
:1040F0006872656164206D626F780000D0010020F5
:104100006661696C656420746F20637265617465B3
:10411000206C6F636B5F74637069705F636F72654F
:1041200000000000294201086C7769705F746872B2
:10413000656164002DE9F04105460E46174600BF53
:104140001248006820B900BF11A0EFF791FE00BF30
:1041500000BF0920F6F7ACFD04461CB94FF0FF3054
:10416000BDE8F081002020706560A660E760214610
:104170000648FAF72DFA30B121460920F6F74AFD34
:104180004FF0FF30ECE70020EAE70000CC01002010
:10419000496E76616C6964206D626F780000000082
:1041A00070B505460C4694F8310000F0180028B1AF
:1041B000054A21462846FFF7BDFF70BD034A214648
:1041C0002846FFF7B7FFF8E7D5740008497E0008D6
:1041D00070B504460D4616460448FAF73FFA2846DD
:1041E000A0470248FAF79CFA002070BDD0010020D9
:1041F00010B50446FFF78EF90748006810B9074864
:10420000006828B100220649FA20FAF749FC02E0CA
:1042100000200449086010BD44020020480200202C
:10422000F14101088402002008B51048FAF716FA97
:104230000F48006820B10F4800680D490968884799
:1042400013E069460C4800F06DF8009848B900BFCB
:1042500000BF00BF00BF09A0EFF70AFE00BF00BF0C
:1042600003E0009800F01AF800BFEAE7D001002050
:10427000C4010020C8010020CC01002074637069D3
:10428000705F7468726561643A20696E76616C690A
:1042900064206D65737361676500000010B50446A6
:1042A000207820B1012810D002281ED117E000BFCD
:1042B00000BF201D07C8904710B16068F7F708FFDE
:1042C00021460920F6F7A6FC19E000BF00BFD4E99B
:1042D0000110884721460820F6F79CFC0FE000BF3C
:1042E00000BFD4E90110884709E000BF00BF00BF4C
:1042F00000BF04A0EFF7BCFD00BF00BF00BF00BFC0
:1043000010BD000074637069705F746872656164E9
:104310003A20696E76616C6964206D6573736167BC
:10432000650000002DE9F04106460F4600BFFAF790
:104330006FFC0446601C60B91148FAF7F1F90022DD
:1043400039463046F9F7FCFF0D48FAF787F9BDE822
:10435000F08114B9FAF7B6F8E9E70948FAF7E0F995
:10436000224639463046F9F7EBFF05460448FAF78E
:1043700075F9681C10B9FAF7A5F8D8E700BFE6E7A9
:10438000D00100202DE9F04105460E46174606B93A
:104390002E4E00BF45B900BF2DA0EFF769FD00BF4D
:1043A0006FF00F00BDE8F08100BF00BF00BF00BF8D
:1043B00000BF00BF00BF4FF000082B48046805E0B5
:1043C000A54202D14FF0010802E0E468002CF7D1C9
:1043D00000BF47B900F060FA074607BB00BF00BF47
:1043E0006FF00700DEE72048046816E0A54213D00E
:1043F000608AB84210D120683168884207D036B14F
:10440000306820B11CB1206808B100BF04E000BFD3
:1044100000BF6FF00700C5E7E468002CE6D10EB9D5
:10442000002000E0306828606F82B8F1000F04D1EE
:104430000D480068E8600C48056000BF00BF00BF81
:1044400000BF00BF00BF0020ACE700002C800108C7
:104450007564705F62696E643A20696E76616C693A
:1044600064207063620000008C0200202DE9F0419E
:1044700004460D46174600BF44B900BF21A0EFF720
:10448000F7FC00BF6FF00F00BDE8F08100BF00BF78
:104490003DB900BF22A0EFF7EBFC00BF6FF00F00AB
:1044A000F2E700BF608A58B9628A21462046FFF7CA
:1044B00069FF8046B8F1000F01D04046E4E700BF35
:1044C0000DB9002000E028686060A782207C40F0E1
:1044D0000400207400BF00BF00BF00BF00BF00BFCA
:1044E0001648066804E0B44201D10020CCE7F66823
:1044F000002EF8D111480068E060104804600020E8
:10450000C2E700007564705F636F6E6E6563743A36
:1045100020696E76616C696420706362000000003F
:104520007564705F636F6E6E6563743A20696E7652
:10453000616C696420697061646472008C0200209F
:1045400010B5EBF7D9FEC0F30D0000F5404001496E
:10455000088010BD880200202DE9FE4F05460E465A
:104560000020019000BF25B900BF6AA0EFF780FCD2
:1045700000BF00BF00BF26B900BF6CA0EFF778FCFA
:1045800000BF00BF6889082805DA00BF00BF2846C1
:10459000F7F79EFDBBE0D5F804A06B4A116850699F
:1045A000F3F702FB074600BF00BFBAF80000F4F7BC
:1045B0009CFE8346BAF80200F4F797FE029000BF13
:1045C00000BF00BF00BF00BF00BF00BF00BF00BFF3
:1045D00000BF0024A046A1465C48046843E000BF39
:1045E00000BF00BF00BF00BF00BF00BF00BF00BFD3
:1045F00000BF618A0298814233D13A463146204653
:1046000000F0B4F868B3207C00F0040098B9B9F168
:10461000000F01D1A1460EE06FB14B484069401C2C
:1046200048B9D9F800007168884204D020687168E0
:10463000884200D1A146A08A584512D1606820B1B5
:1046400041496068096988420BD1B8F1000F07D071
:10465000E068C8F80C003D480068E0603B48046032
:1046600003E0A046E468002CB9D100BF04B94C4671
:1046700014B10120019008E033497068496988420B
:1046800001D1012000E0002001900198D0B300BFCB
:1046900000BF08212846F7F791FE50B100BF00BFC8
:1046A0002BA0EFF7E5FB00BF00BF2846F7F710FD92
:1046B0002DE07CB1A06948B1CDF800B0224B103399
:1046C0002A462146D4E906C0E0471FE02846F7F70E
:1046D000FFFC1CE000BF00BF87B91B48007D00F055
:1046E000F000E0280AD018488089083001B2284636
:1046F000F7F78AFD03212846F3F77CF82846F7F7F9
:10470000E7FC03E0FFE72846F7F7E2FC00BFBDE85F
:10471000FE8F00007564705F696E7075743A206971
:104720006E76616C69642070627566007564705F96
:10473000696E7075743A20696E76616C6964206E7A
:104740006574696600000000407500208C0200203E
:10475000706275665F72656D6F76655F68656164CE
:104760006572206661696C65640A000070B5044674
:104770000D46164600BF24B900BF1CA0EFF778FB1A
:1047800000BF00BF00BF25B900BF21A0EFF770FB3D
:1047900000BF00BF207A50B1217A2748406890F8C6
:1047A0003400401CC0B2814201D0002070BD8EB1E7
:1047B00074B1206860B120484069401C40B1206855
:1047C000A96808401C494969AA68114088420BD170
:1047D0000120EBE734B1206820B11749206849690E
:1047E000884201D10120E1E70020DFE77564705FB6
:1047F000696E7075745F6C6F63616C5F6D6174631B
:10480000683A20696E76616C6964207063620000AA
:104810007564705F696E7075745F6C6F63616C5FF7
:104820006D617463683A20696E76616C6964206EAC
:1048300065746966000000004075002010B50246EE
:1048400082B1136873B169B10B685BB1064B18682C
:1048500006E003681468A34201D10B680360C068D6
:104860000028F6D110BD00008C02002010B50020F9
:10487000F6F71EFA04462CB120212046EBF775FD11
:10488000FF20E072204610BD70B50546FFF7EEFF31
:104890000446204670BD000010B5002200BF12483B
:1048A00003880088401C104C20804FF6FF70834224
:1048B00003D14FF44040234618800C4801680EE0B5
:1048C000488A094B1B88984208D1501C80B2024686
:1048D000B0F5804F01DB002010BDE0E7C96800297A
:1048E000EED101480088F7E7880200208C02002002
:1048F00070B504460E46154600BF2CB900BF05A092
:10490000EFF7B6FA00BF70BD00BFA661E56100BF5A
:10491000F9E700007564705F726563763A20696E2E
:1049200076616C69642070636200000070B50546B2
:1049300000BF2DB900BF12A0EFF79AFA00BF70BDFB
:1049400000BF15480068A84205D113480068C06838
:10495000114908600EE01048046808E0E06828B1DA
:10496000E068A84202D1E868E06002E0E468002C58
:10497000F4D100BF29460020F6F74CF900BFDEE76E
:104980007564705F72656D6F76653A20696E7661E9
:104990006C696420706362008C02002070B504466C
:1049A0000D4600BF3CB900BF0CA0EFF761FA00BF95
:1049B0006FF00F0070BD00BF00BF3DB900BF0DA07C
:1049C000EFF756FA00BF6FF00F00F3E700BFA38ABE
:1049D000221D2946204600F019F8EBE77564705F48
:1049E00073656E643A20696E76616C6964207063E9
:1049F000620000007564705F73656E643A20696ED2
:104A000076616C6964207062756600002DE9F84378
:104A100005460F461646984600BF45B900BF1FA081
:104A2000EFF726FA00BF6FF00F00BDE8F88300BF74
:104A300000BF3FB900BF1FA0EFF71AFA00BF6FF029
:104A40000F00F2E700BF00BF3EB900BF20A0EFF7A4
:104A50000FFA00BF6FF00F00E7E700BF00BF00BF15
:104A6000287A20B1287AF6F7B1FD044603E03046F3
:104A7000F3F714FD044644B900BF00BF00BF00BFF8
:104A800000BF00BF6FF00300CFE743463246394610
:104A90002846009400F02AF8C7E700007564705FAC
:104AA00073656E64746F3A20696E76616C69642018
:104AB000706362007564705F73656E64746F3A2032
:104AC000696E76616C696420706275660000000032
:104AD0007564705F73656E64746F3A20696E766199
:104AE0006C6964206473745F697000002DE9FC4791
:104AF00004460F46904699460A9D00BF44B900BF40
:104B000023A0EFF7B5F900BF6FF00F00BDE8FC87F9
:104B100000BF00BF3FB900BF24A0EFF7A9F900BF55
:104B20006FF00F00F2E700BF00BFB8F1000F07D130
:104B300000BF25A0EFF79CF900BF6FF00F00E5E77D
:104B400000BF00BF3DB900BF27A0EFF791F900BF3C
:104B50006FF00F00DAE700BF34B1206820B1207891
:104B600000F0F000E02801D12E1D07E02068696800
:104B7000884202D06FF00300C8E726464B46424603
:104B800039462046CDE9005600F03EF8BEE7000069
:104B90007564705F73656E64746F5F69663A2069EF
:104BA0006E76616C69642070636200007564705F8A
:104BB00073656E64746F5F69663A20696E76616CC6
:104BC00069642070627566007564705F73656E64F9
:104BD000746F5F69663A20696E76616C69642064FF
:104BE00073745F69700000007564705F73656E6454
:104BF000746F5F69663A20696E76616C6964206ED5
:104C000065746966000000002DE9FF4F85B0044619
:104C10000D469146DDF848A000BF4CB900BF55A035
:104C2000EFF726F900BF6FF00F0009B0BDE8F08F75
:104C300000BF00BF3DB900BF56A0EFF719F900BF94
:104C40006FF00F00F1E700BF00BFB9F1000F07D10F
:104C500000BF58A0EFF70CF900BF6FF00F00E4E7BA
:104C600000BF00BF139838B900BF5BA0EFF700F991
:104C700000BF6FF00F00D8E700BF00BFBAF1000F10
:104C800007D100BF5DA0EFF7F3F800BF6FF00F0092
:104C9000CBE700BF608A70B900BF00BF628A2146BF
:104CA0002046FFF76FFB8046B8F1000F03D000BF2E
:104CB00000BF4046B9E72889083080B22989884278
:104CC00002DA4FF0FF30B0E708212846F6F7D8FDAA
:104CD000A0B14FF4207208212220F6F723FE0646E9
:104CE00026B900BF00BF4FF0FF309EE7288918B1FA
:104CF00029463046F6F7F8FF00BF02E02E4600BF17
:104D000000BF00BF7089082804D200BF44A0EFF79D
:104D1000AFF800BF00BF7768608AF4F7E6FA388022
:104D20000898F4F7E2FA78800020F88000BF00BF0E
:104D300000BF00BF3089F4F7D8FAB8804FF0110BEC
:104D4000E07A049000BF00BF00BF00BFA07ACDE9A9
:104D500001BA00904A463046049B1399F3F7B2F922
:104D60008046AE4203D03046F7F7B2F900264046FF
:104D70005BE700007564705F73656E64746F5F69F4
:104D8000665F7372633A20696E76616C6964207045
:104D9000636200007564705F73656E64746F5F6951
:104DA000665F7372633A20696E76616C6964207025
:104DB000627566007564705F73656E64746F5F69B9
:104DC000665F7372633A20696E76616C6964206411
:104DD00073745F69700000007564705F73656E6462
:104DE000746F5F69665F7372633A20696E76616C97
:104DF0006964207372635F69700000007564705F9E
:104E000073656E64746F5F69665F7372633A20697D
:104E10006E76616C6964206E6574696600000000DE
:104E2000636865636B20746861742066697273746B
:104E300020706275662063616E20686F6C642073F9
:104E40007472756374207564705F6864720000002A
:104E500010B5044609480A49086008464460002124
:104E60008160C160016181610C214161EEF7EEFB5F
:104E7000012204490248EEF789FC10BD00100140F0
:104E8000100400202600002030B595B0054613AB75
:104E900012AA09A9284600F03FFA044614B1204698
:104EA00015B030BD0020149026E0224909689DF815
:104EB000502001EBC20113AB11AA486801A900F010
:104EC0002BFA04460CB12046EAE709A901A800F034
:104ED000AFFC60B99DF844009DF84810884201DDA0
:104EE0000220DDE79DF85000124988750AE09DF820
:104EF0005000401CC0B214900E48007D9DF8501028
:104F00008842D2DC00BF0B48007D9DF850108842DB
:104F100001D10420C4E714A9284600F0DDFA0446B4
:104F20000CB12046BCE79DF85000024948750020AE
:104F3000B6E70000AC0000202DE9F0419AB09C4893
:104F4000847D007DA04202DC1AB0BDE8F081984962
:104F5000096801EBC40106AB07AA486808A900F07C
:104F6000DBF908A993A0EEF783FF002644E0904800
:104F7000008B0121B1400840D8B122218FA0EEF76B
:104F800077FF304600F042FB894924314718394603
:104F90008BA0EEF76DFF222188A0EEF769FF304667
:104FA00000F034FB82492431084410A941F826005E
:104FB00018E0304600F02AFB7D492431085810A93A
:104FC00041F826007A48C07D30B910A850F8261064
:104FD0007CA0EEF74DFF05E010A850F826107AA04F
:104FE000EEF746FF9DF81C00401EB04202D078A0AC
:104FF000EEF73EFF701CC6B29DF81C008642B6DB81
:1050000074A0EEF735FF01F009F86948407D0B28E0
:105010000DD2DFE800F0060D151E27323F4E5F72FD
:1050200087006349096851F834008047054690E0DD
:105030005F4A126852F8341010988847054688E095
:105040005B4B1B6853F83420DDE91001904705469F
:105050007FE0574F3F6857F8343010A807C898478B
:10506000054676E0DFF848C1DCF800C05CF8347033
:1050700010A80FC8B84705466BE01498DFF830C198
:105080000090DCF800C05CF8347010A80FC8B84776
:1050900005465EE0DDE91401DFF814C1CDE9000149
:1050A000DCF800C05CF8347010A80FC8B84705469B
:1050B0004FE0DDE914121698DFF8F4C0CDE90012D4
:1050C0000290DCF800C05CF8347010A80FC8B84734
:1050D00005463EE0DDE91423DDE91610DFF8D0C017
:1050E000CDE90023CDE90210DCF800C05CF8347093
:1050F00010A80FC8B84705462BE0DDE91523DDE908
:105100001710CDE90123CDE903101498DFF8A0C0F2
:105110000090DCF800C05CF8347010A80FC8B847E5
:10512000054616E0DDE91623DDE91810CDE9022376
:10513000CDE90410DDE91401DFF874C0CDE9000108
:10514000DCF800C05CF8347010A80FC8B8470546FA
:1051500000BF00BF00F00EFF9DF8180001280CD121
:105160001348C07D20B929461BA0EEF781FE07E059
:1051700029461BA0EEF77CFE02E018A0EEF778FEB1
:105180000B4890F8EC0088B10948D0F8F0000A21EB
:10519000B0FBF1F201FB12070548D0F8F000B0FBBC
:1051A000F1F83A46414611A0EEF762FE00BFCBE6A9
:1051B000AC0000200D0A25732800000025630000C4
:1051C00025730000256C640030582558000000004D
:1051D0002C000000290000003D256C753B0D0A00E5
:1051E0003D305825583B0D0A0000000046756E639F
:1051F00074696F6E2052756E2054696D653A25642E
:105200002E2531646D730D0A00000000F0B50346D1
:10521000154600200022002600245BE01F782C2F7A
:1052200001D104B901221F78292F01D01F780FB9AD
:1052300004B950E0002E3AD11F78302F02DB1F78DE
:10524000392F17DD1F782D2F14D01F782B2F11D059
:105250001F78612F02DB1F78662F0BDD1F78412F2F
:1052600002DB1F78462F05DD1F78582F02D01F78EC
:10527000782F0CD102B12EE01F78612F03DB1F784D
:10528000203F0F7001E01F780F70491C1FE01F784E
:10529000222F04D102B11EE00126012417E01F785D
:1052A000202F14D01F782C2F11D0FF2613E01F7849
:1052B000222F00D1002402B10DE044B11F785C2FF1
:1052C00002D15B1C471CF8B21F780F70491C471CA9
:1052D000F8B25B1CA2E700BF00270F702E70F0BD74
:1052E00010B50446002010700BE020780870641C94
:1052F000491C1078401C10701078984201DB012086
:1053000010BD2078202802D020780028EDD1002080
:10531000087000BFF4E700002DE9FF4F85B080461C
:1053200089460027002004900390012002904FF04E
:10533000000B002544461DE02078202816D005F0FB
:105340007F00052812DA0DB945F0800505F07F00D1
:10535000042803D120782A2800D00EE0207805F018
:105360007F010DF80100681CC5B202E0852D00D157
:1053700003E0641C20780028DED100BF8DB100203E
:1053800005F07F010DF8010051A1684600F050FAC8
:1053900018B900210898017002E0012108980170F5
:1053A00000254FF0000A444614E0641C0AF1010095
:1053B00000F0FF0A2078202802D020782A2809D17E
:1053C000204600F0A7F90646282E03D02A2E01D049
:1053D000CDF810A02078282802D020780028E4D129
:1053E0004446049810B10498401C04444FF0000A4D
:1053F000002654E0207810B94FF0010A50E02078E0
:10540000282803D116B9781CC7B213E020782928C0
:1054100008D13EB917B1781EC7B201E04FF0010ABA
:1054200047B93DE02078222804D10EB9012000E0E0
:105430000020064647B9207820282FD0207889F808
:10544000000009F1010929E020782C2804D101206D
:105450000290681CC5B214E02078202811D0207872
:1054600028280ED04DB9BBF1050F06DA20780DF8CB
:105470000B000BF1010000F0FF0B0298401CC0B2C2
:105480000290012F0AD10298022807D10298401CED
:10549000C0B202900398401CC0B20390641CA9E7FC
:1054A00000BF0398012809D100200DF80B0008A1C6
:1054B000684600F0BDF908B90020039007990398E9
:1054C0000870002089F80000504609B0BDE8F08F50
:1054D000766F6964000000002DE9F043B5B0054621
:1054E0000F460024002604E000213D488155701C31
:1054F000C6B20A2EF8DB06E06D1C287818B9012028
:1055000035B0BDE8F08328782828F5D16D1C61E01E
:1055100034AA69462846FFF779FE064635449DF8C9
:10552000D00020B1012827D0FF284CD149E09DF8B8
:10553000000000B333A9684600F0F7F806460EB144
:105540000220DDE7204600F061F825490A31339A50
:105550000A50A1F12400008B0121A1408843204979
:105560001A39088304211E480155601CC4B20A2C54
:1055700001DD0320C4E726E0684600F075F9401C11
:1055800000F0FF08204600F041F815490A3100EB11
:1055900001094946684600F05CF911481A38018B48
:1055A0000120A040014388B20D491A3908830C48F4
:1055B00000F80480601CC4B20A2C01DD03209FE7C0
:1055C00001E002209CE700BF2878292801D0287834
:1055D00000B900E09CE700BF3C70002090E70000AD
:1055E000C60000200020074A128802F400423AB1A7
:1055F000044A11780022044B5A541846014B1A8071
:1056000070470000240000204803002002460020CC
:10561000002105E0044B5B5C0344D8B24B1CD9B2BB
:105620009142F7DB70470000C600002010B5044629
:1056300004EBC40000EB04100122C2EB800081B235
:105640004FF47A7000F0B8FC01200149C87510BD14
:10565000AC00002010B50246012000E050430B1EB4
:10566000A1F10104E1B2F9D110BD000070B500262E
:10567000FFF7B8FF064606B970BD17488168304687
:10568000884704461CB91449C868804721E0304661
:1056900000F0F6F80546012D00D02C46CCB1012CC7
:1056A00006D0022C08D0032C0AD0042C10D10BE019
:1056B0000AA0EEF7DDFB0BE00BA0EEF7D9FB07E04D
:1056C0000CA0EEF7D5FB03E00DA0EEF7D1FB00BF79
:1056D00000BF00BFD0E70000AC000020BAAFCAFD99
:1056E000B4EDCEF3210D0A00B2CECAFDB4EDCEF377
:1056F000210D0A00B2CECAFDCCABB6E0210D0A00E6
:10570000CEB4D5D2B5BDC6A5C5E4B5C4BAAFCAFD41
:10571000210D0A000146491C00E0491C0878202898
:1057200001D10029F9D1087870472DE9F04F0546DD
:105730000F4600264FF00A09B3462C460020386079
:1057400034E02078392802DC2078302811DA2878F3
:105750002D2802D028782B2800D156B12078462851
:1057600002DC2078412804DA2078582817D1012E4D
:1057700015D12078412801DB4FF0100928782D2819
:1057800003D14FF0020B6D1C0FE028782B2803D1BA
:105790004FF0010B6D1C08E0701CC6B205E02078CC
:1057A00000B904E00120BDE8F08F641CC9E700BF28
:1057B0002C46B9F1100F0FD1032E01DA0220F2E7C7
:1057C0002078302806D16078582803D1A41CB01E58
:1057D000C6B204E00320E6E70EB90420E3E71BE0CD
:1057E0000EB1701EC6B22078392806DC2078302829
:1057F00003DB2078A0F1300A02E02078A0F1370A1C
:1058000031464846FFF726FF39680AFB001038602A
:10581000641C207800B900E0E2E700BFBBF1020F92
:1058200004D13868C0F10008C7F800800020BAE74A
:1058300002460AE010780B78984201D001207047A8
:10584000107800B902E0521C491CF3E700BF0020A9
:10585000F5E706E002780A70027802B902E0401C1F
:10586000491CF7E700BF70470146002005E00A78B1
:1058700002B903E0421CD0B2491CF8E700BF7047F0
:1058800010B58CB004461E230BAA03A92046FFF7CF
:1058900027FD0090009810B101200CB010BD9DF8BC
:1058A0002C00044400200B900EE040489DF82C2072
:1058B00050F8221003A8FFF7BBFF00B908E09DF8DD
:1058C0002C00401CC0B20B909DF82C000728ECD394
:1058D00000BF9DF82C00072863D2DFE800F0040524
:1058E0003C5E6564630000BF31A0EEF7C1FA31A0F1
:1058F000EEF7BEFA3FA0EEF7BBFA4EA0EEF7B8FA0D
:105900005CA0EEF7B5FA6BA0EEF7B2FA79A0EEF76D
:10591000AFFA87A0EEF7ACFA8CA0EEF7A9FA94A044
:10592000EEF7A6FA98A0EEF7A3FA9DA0EEF7A0FA7C
:10593000A2A0EEF79DFAA8A0EEF79AFAB4A0EEF7AF
:1059400097FAC1A0EEF794FACCA0EEF791FAD8A09E
:10595000EEF78EFAA2E216A0EEF78AFAE4A0EEF7CE
:1059600087FA00200B900EE0F14800689DF82C208B
:1059700000EBC2004168EFA0EEF77AFA9DF82C0028
:10598000401CC0B20B90EA48007D9DF82C10884264
:10599000EADC07A0EEF76CFA80E205A0EEF768FA01
:1059A000CCE179E24DE221E2F4E100005800002070
:1059B0000D0A00002D2D2D2D2D2D2D2D2D2D2D2DB4
:1059C0002D2D2D2D2D2D2D2D2D2D2D2D55534D4185
:1059D00052542056332E352D2D2D2D2D2D2D2D2D80
:1059E0002D2D2D2D2D2D2D2D2D2D2D2D2D2D2D20F4
:1059F0000D0A00002020202055534D415254CAC7A3
:105A0000D3C9414C49454E54454BBFAAB7A2B5C472
:105A1000D2BBB8F6C1E9C7C9B5C4B4AEBFDAB5F7F1
:105A2000CAD4BBA5BDBBD7E9BCFE2CCDA8B9FD200F
:105A30000D0A0000CBFC2CC4E3BFC9D2D4CDA8B959
:105A4000FDB4AEBFDAD6FACAD6B5F7D3C3B3CCD05D
:105A5000F2C0EFC3E6B5C4C8CEBACEBAAFCAFD2C09
:105A6000B2A2D6B4D0D02ED2F2B4CB2CC4E3BFC9EC
:105A70000D0A0000D2D4CBE6D2E2B8FCB8C4BAAF6B
:105A8000CAFDB5C4CAE4C8EBB2CECAFD28D6A7B3D6
:105A9000D6CAFDD7D62831302F3136BDF8D6C62C20
:105AA000D6A7B3D6B8BACAFD29A1A2D7D6B7FBB438
:105AB000AE0D0A00A1A2BAAFCAFDC8EBBFDAB5D8D5
:105AC000D6B7B5C8D7F7CEAAB2CECAFD292CB5A590
:105AD000B8F6BAAFCAFDD7EEB6E0D6A7B3D6313026
:105AE000B8F6CAE4C8EBB2CECAFD2CB2A2D6A7B3B0
:105AF000D60D0A00BAAFCAFDB7B5BBD8D6B5CFD45C
:105B0000CABE2ED6A7B3D6B2CECAFDCFD4CABEBDAA
:105B1000F8D6C6C9E8D6C3B9A6C4DC2CD6A7B3D676
:105B2000BDF8D6C6D7AABBBBB9A6C4DC2E0D0A00E9
:105B3000BCBCCAF5D6A7B3D63A7777772E6F706517
:105B40006E6564762E636F6D0D0A000055534D41EE
:105B50005254D3D037B8F6CFB5CDB3C3FCC1EE287D
:105B6000B1D8D0EBD0A1D0B4293A0D0A0000000082
:105B70003F3A202020202020BBF1C8A1B0EFD6FA68
:105B8000D0C5CFA20D0A000068656C703A202020B5
:105B9000BBF1C8A1B0EFD6FAD0C5CFA20D0A000064
:105BA0006C6973743A202020BFC9D3C3B5C4BAAF9F
:105BB000CAFDC1D0B1ED0D0A0A00000069643A20A7
:105BC00020202020BFC9D3C3BAAFCAFDB5C4494401
:105BD000C1D0B1ED0D0A0A006865783A2020202076
:105BE000B2CECAFD3136BDF8D6C6CFD4CABE2CBAA5
:105BF000F3B8FABFD5B8F12BCAFDD7D6BCB4D6B42A
:105C0000D0D0BDF8D6C6D7AABBBB0D0A0A0000008B
:105C10006465633A20202020B2CECAFD3130BDF841
:105C2000D6C6CFD4CABE2CBAF3B8FABFD5B8F12BBA
:105C3000CAFDD7D6BCB4D6B4D0D0BDF8D6C6D7AA84
:105C4000BBBB0D0A0A00000072756E74696D653A7F
:105C5000312CBFAAC6F4BAAFCAFDD4CBD0D0BCC6D3
:105C6000CAB13B302CB9D8B1D5BAAFCAFDD4CBD06C
:105C7000D0BCC6CAB13B0D0A0A000000C7EBB0B4E5
:105C8000D5D5B3CCD0F2B1E0D0B4B8F1CABDCAE436
:105C9000C8EBBAAFCAFDC3FBBCB0B2CECAFDB2A25C
:105CA000D2D4BBD8B3B5BCFCBDE1CAF82E0D0A00F6
:105CB0002D2D2D2D2D2D2D2D2D2D2D2D2D2D2D2D14
:105CC0002D2D2D2D2D2D2D2D2D2DD5FDB5E3D4AD27
:105CD000D7D32D2D2D2D2D2D2D2D2D2D2D2D2D2DA4
:105CE0002D2D2D2D2D2D2D2D2D2D2D200D0A00008E
:105CF0002D2D2D2D2D2D2D2D2D2D2D2D2D2D2D2DD4
:105D00002D2D2D2D2D2D2D2D2DBAAFCAFDC7E5B56D
:105D1000A52D2D2D2D2D2D2D2D2D2D2D2D2D2D2D3B
:105D20002D2D2D2D2D2D2D2D2D2D2D2D200D0A0020
:105D3000AC00002025730D0A0000000059A0EEF70A
:105D400097F800200B901AE0664909689DF82C200E
:105D500001EBC20101AB02AA486803A9FFF7DCFA14
:105D6000604800689DF82C1050F8312003A95EA00F
:105D7000EEF77EF89DF82C00401CC0B20B905948FD
:105D8000007D9DF82C108842DEDCAFF2DC30EEF7AF
:105D90006FF883E0AFF2E830EEF76AF80BAA03A9D8
:105DA0002046FFF733FA9DF82C00C8B9694603A8CE
:105DB000FFF7BBFC0B909DF82C0020B94FA0009979
:105DC000EEF756F80EE09DF82C00042801D00220D2
:105DD00063E54DA0EEF74CF801204249C87501E09B
:105DE00002205AE547A0EEF743F857E045A0EEF74A
:105DF0003FF80BAA03A92046FFF708FA9DF82C00EC
:105E0000C8B9694603A8FFF790FC0B909DF82C00D9
:105E100020B942A00099EEF72BF80EE09DF82C0077
:105E2000042801D0022038E53FA0EEF721F8002039
:105E30002C49C87501E002202FE532A0EEF718F8D2
:105E40002CE030A0EEF714F80BAA03A92046FFF7C8
:105E5000DDF99DF82C00C8B9694603A8FFF765FC79
:105E60000B909DF82C0078B91E49009881F8EC0041
:105E7000084690F8EC0018B130A0EDF7F9FF07E004
:105E800035A0EDF7F5FF03E0022006E5022004E56A
:105E90001CA0EDF7EDFF01E00120FEE400BF0020B3
:105EA000FBE400002D2D2D2D2D2D2D2D2D2D2D2DF7
:105EB0002D2D2D2D2D2D2D2D2D2D2D2D2DBAAFCA66
:105EC000FD204944202D2D2D2D2D2D2D2D2D2D2D19
:105ED0002D2D2D2D2D2D2D2D2D2D2D2D2D2D2D2DF2
:105EE000200D0A00AC00002025732069642069732E
:105EF0003A0D0A3058253038580D0A004845583AAE
:105F0000305825580D0A00003136BDF8D6C6B2CE3D
:105F1000CAFDCFD4CABE210D0A0000004445433A51
:105F2000256C750D0A0000003130BDF8D6C6B2CE22
:105F3000CAFDCFD4CABE210D0A00000052756E20E2
:105F400054696D652043616C63756C6174696F6E33
:105F5000204F4E0D0A00000052756E2054696D6589
:105F60002043616C63756C6174696F6E204F4646A7
:105F70000D0A00000E480068006900F0010040B101
:105F80000C48D0F8F0004FF6FF7108440949C1F8F9
:105F9000F0000848D0F8F00005490968496A08444B
:105FA0000449C1F8F0000846D0F8F000704700003E
:105FB00034060020AC00002038B505460C4600BF72
:105FC00000BF002000901248006840F00400104913
:105FD00008600846006800F00400009000BF00BFA1
:105FE00000BF0C480C4908600846446000218160ED
:105FF000C5600161EDF778F90748EDF7A9F90322CB
:1060000011461E20ECF761FD1E20ECF74EFD38BD59
:106010004038024000080040340600206FF00100C4
:1060200009490968086100BF000C07490968C8628E
:1060300001460548C16000BF002003490968486265
:106040000249C1F8F000704734060020AC0000207F
:1060500001460A69D1E901309860D1E9010358602D
:106060005068884201D1886850600020086110683B
:10607000401E10601068704700F1080141604FF049
:10608000FF31816000F10801C16001610021016000
:10609000704700210161704710B502460B685C1C17
:1060A0000CB9106907E002F1080000E0406844689C
:1060B00024689C42FAD944684C604C68A1608860AE
:1060C00041600A611468641C146010BD42684A6033
:1060D00093688B60936859609160086103685B1CEA
:1060E0000360704710B500BF502080F31188BFF3E4
:1060F0004F8FBFF36F8F00BF0B480068401C0A49E9
:1061000008600846006801280DD108480068C0B240
:1061100008B9012000E0002028B94FF4DB7204A187
:1061200012A0EDF7A5FE10BD3803002004ED00E03D
:106130002E2E5C2E2E5C4D6964646C6577617265F1
:10614000735C4672656552544F535C706F72746134
:10615000626C655C525644535C41524D5F434D3412
:10616000465C706F72742E63000000004572726F9F
:10617000723A2025732C2025640D0A0010B50B48B7
:10618000006828B940F2BD1209A118A0EDF770FE11
:1061900006480068401E054908600846006820B9A6
:1061A000002080F3118800BF00BF10BD380300201D
:1061B0002E2E5C2E2E5C4D6964646C657761726571
:1061C000735C4672656552544F535C706F727461B4
:1061D000626C655C525644535C41524D5F434D3492
:1061E000465C706F72742E63000000004572726F1F
:1061F000723A2025732C2025640D0A0070B50646DE
:106200003546002E3AD0083D2C461D496068096885
:10621000084008B1012000E0002028B94FF4927234
:1062200018A126A0EDF724FE206808B9012000E09F
:10623000002028B940F2251212A120A0EDF718FE87
:106240000F49606809680840C0B12068B0B90C49BE
:10625000606809688843606000F0D6FB1B4960688D
:1062600009680844194908602046F6F737FE1848BF
:106270000068401C1649086001F0DAFC70BD00009F
:10628000340300202E2E5C2E2E5C4D6964646C65F8
:1062900077617265735C4672656552544F535C70EA
:1062A0006F727461626C655C4D656D4D616E675CAB
:1062B000686561705F342E63000000004572726F84
:1062C000723A2025732C2025640D0A002403002037
:1062D0003003002000204FF0E0210861886106486B
:1062E00000684FF47A71B0FBF1F0401E4FF0E021EE
:1062F00048610720086170470000002070B5E9F789
:10630000ABFF0546102D11D305F1E02090F8F043C6
:1063100010480078844201DB012000E0002028B909
:1063200040F217320CA11BA0EDF7A2FD1D4800683A
:1063300000F4E0601C490968884201D8012000E0AF
:10634000002028B940F2273203A112A0EDF790FDFA
:1063500070BD00003C0300202E2E5C2E2E5C4D698B
:1063600064646C6577617265735C467265655254EE
:106370004F535C706F727461626C655C525644532B
:106380005C41524D5F434D34465C706F72742E63B6
:10639000000000004572726F723A2025732C202590
:1063A000640D0A000CED00E0400300202DE9F041EF
:1063B00006460F462EB940F6C82211A119A0EDF7E6
:1063C00057FD0025BFB1002412E01A4800EBC400BD
:1063D0004068B04203D1174800EBC4050AE035B964
:1063E000144850F8340010B9124800EBC405641C7E
:1063F000082CEAD300BF0DB12F606E60BDE8F081BC
:106400002E2E5C2E2E5C4D6964646C65776172651E
:10641000735C4672656552544F535C717565756562
:106420002E6300004572726F723A2025732C20256E
:10643000640D0A00B865012070B5044625462DB9E3
:106440004FF4016205A10EA0EDF712FD284600F001
:106450001FF82846FFF7D2FE70BD00002E2E5C2EDE
:106460002E5C4D6964646C6577617265735C46721D
:10647000656552544F535C71756575652E630000F8
:106480004572726F723A2025732C2025640D0A0024
:1064900070B505462DB940F616320CA114A0EDF7E3
:1064A000E7FC00240EE0164800EBC4004068A84258
:1064B00007D10020124941F8340001EBC4014860C3
:1064C00002E0641C082CEED300BF70BD2E2E5C2EA3
:1064D0002E5C4D6964646C6577617265735C4672AD
:1064E000656552544F535C71756575652E63000088
:1064F0004572726F723A2025732C2025640D0A00B4
:10650000B86501202DE9F04105460E4617462C4698
:10651000FFF7E8FD94F94400401C10B9002084F80E
:10652000440094F94500401C10B9002084F845004F
:10653000FFF724FEA06B28B93A46314604F1240047
:1065400000F01EF92046F6F76AFFBDE8F081000072
:1065500070B504460025ACB10F48006808B90120A9
:1065600000E0002028B940F249520CA114A0EDF738
:106570007FFC00F049FA00212046F6F7D3F901F03C
:1065800057FB05463DB94FF0805011490860BFF3F5
:106590004F8FBFF36F8F70BD000300202E2E5C2E37
:1065A0002E5C4D6964646C6577617265735C4672DC
:1065B000656552544F535C7461736B732E630000B6
:1065C0004572726F723A2025732C2025640D0A00E3
:1065D00004ED00E070B50546FFF784FD15B92F48BE
:1065E000006800E028460446201DFFF731FD78B919
:1065F000E06A00EB80002A4951F8200040B994F885
:106600002C100120884027490968814325480160F2
:10661000A06A18B104F11800FFF71AFD22480068BB
:10662000401C214908601D480068844209D1211D91
:106630001E48FFF74BFD1E480068401C1C490860BF
:1066400006E01C480068401E1A490860F6F74AFE3A
:10665000FFF794FD11480068844202D02046F6F707
:10666000E7FA15480068C0B10C480068844214D1AC
:106670001248006808B9012000E0002028B940F263
:10668000DC420FA117A0EDF7F3FB4FF08050194942
:106690000860BFF34F8FBFF36F8F70BDC40200203F
:1066A000F8650120DC020020F0020020B46801201F
:1066B000D0020020D4020020E002002000030020CD
:1066C0002E2E5C2E2E5C4D6964646C65776172655C
:1066D000735C4672656552544F535C7461736B739F
:1066E0002E6300004572726F723A2025732C2025AC
:1066F000640D0A0004ED00E00349096801600349E4
:106700000968416070470000EC020020D8020020B8
:106710000120014908607047E802002070B5044676
:106720000D462CB940F61C4207A110A0EDF7A0FBC6
:106730001248016818312046FFF7AEFC01212846B7
:10674000F6F7F0F870BD00002E2E5C2E2E5C4D6921
:1067500064646C6577617265735C467265655254FA
:106760004F535C7461736B732E6300004572726FDC
:10677000723A2025732C2025640D0A00C4020020E3
:1067800070B504460E4615462CB940F6524211A18A
:1067900019A0EDF76DFB60681B490968C8611A49CB
:1067A000826809680A62184909681831826851606C
:1067B0001549096818318160134909688C6221689C
:1067C000491C21600DB14FF0FF3629463046F6F7DF
:1067D000A9F870BD2E2E5C2E2E5C4D6964646C652C
:1067E00077617265735C4672656552544F535C7491
:1067F00061736B732E6300004572726F723A2025CD
:10680000732C2025640D0A00C40200202DE9F047F6
:1068100006460F4634464FF00109002E70D0206D19
:1068200028B941F29F0237A13FA0EDF721FBE06CB0
:10683000B84201D23D4600E0E56CE06AA8425FD074
:10684000206D01285CD13C480068844201D00120C1
:1068500000E0002028B941F2BA022AA132A0EDF7E7
:1068600007FBD4F82C80E562A06900F0004010B965
:10687000C5F12000A06108EB8801304A02EB8101DC
:106880006069884201D1012000E00020C0B3201DD2
:10689000FFF7DEFB40B994F82C100120884028490E
:1068A000096881432648016094F82C100120884033
:1068B00023490968084322490860E16A01EB810124
:1068C0001E4A02EB81014868A0608268E260211DD7
:1068D000826851608160E16A01EB8101174A02EB35
:1068E00081026261E16A01EB8101144A52F82110D0
:1068F000491CE26A02EB8202104B43F8221000BFEF
:10690000BDE8F0872E2E5C2E2E5C4D6964646C65AC
:1069100077617265735C4672656552544F535C745F
:1069200061736B732E6300004572726F723A20259B
:10693000732C2025640D0A00C4020020F865012094
:10694000DC0200201CB51B4800210B468022CDE94B
:10695000001019A11A4800F087FE0446012C02D14C
:1069600001F036FA0446012C15D100BF502080F307
:106970001188BFF34F8FBFF36F8F00BF4FF0FF3011
:106980001049086001201049086000200F49086084
:1069900000F0A0F80BE0601C08B1012000E000202E
:1069A00028B94FF404620AA112A0EDF761FA154864
:1069B00000681CBDF802002049444C45000000005E
:1069C000FDCC0008F4020020E0020020D8020020E4
:1069D0002E2E5C2E2E5C4D6964646C657761726549
:1069E000735C4672656552544F535C7461736B738C
:1069F0002E6300004572726F723A2025732C202599
:106A0000640D0A00FC02002002480068401C014995
:106A1000086070470003002010B51B48006818B1DB
:106A200001201A4908602DE0002018490860184824
:106A30000068B0FA80F0C0F11F0404EB840015492F
:106A400051F8200008B1012000E0002028B940F6EC
:106A5000024211A119A0EDF70BFA04EB84010D4AD3
:106A600002EB810041684968416000F10801426819
:106A70008A4202D14168496841604168C968134A45
:106A8000116000BF10BD000000030020E8020020DC
:106A9000DC020020F86501202E2E5C2E2E5C4D6954
:106AA00064646C6577617265735C467265655254A7
:106AB0004F535C7461736B732E6300004572726F89
:106AC000723A2025732C2025640D0A00C402002090
:106AD000016070471CB5504800685049884201D099
:106AE000012000E0002028B940F243124CA15BA035
:106AF000EDF7BEF9484800684849491E884201D070
:106B0000012000E0002028B94FF4A27244A153A054
:106B1000EDF7AEF9554C204600780190FF20214654
:106B200008700846007800909DF8000000F0F00022
:106B30009DF80010884201D1012000E0002028B912
:106B400040F25D1236A145A0EDF792F99DF80000E4
:106B500000F050004649087007204649086009E0E7
:106B600044480068401E434908609DF80000400604
:106B7000000E00909DF8000000F080008028EFD00B
:106B80003C480068C0F10700042801D1012000E062
:106B9000002028B940F2711221A130A0EDF768F968
:106BA00034480068C0F10700042801D1012000E04A
:106BB000002028B94FF4BD7219A128A0EDF758F9AB
:106BC0002C48006800022B4908600846008800F441
:106BD000E06008602549019808700F48203000687F
:106BE00040F470000C49203108600846006840F00D
:106BF00070400860FFF76EFB00201F490860E9F74E
:106C0000F3FA1E48006840F040401C490860E9F76C
:106C1000D7FA00201CBD000000ED00E071C20F415A
:106C20002E2E5C2E2E5C4D6964646C6577617265F6
:106C3000735C4672656552544F535C706F72746139
:106C4000626C655C525644535C41524D5F434D3417
:106C5000465C706F72742E63000000004572726FA4
:106C6000723A2025732C2025640D0A0000E400E010
:106C70003C030020400300203803002034EF00E0F4
:106C800010B500BF502080F31188BFF34F8FBFF3C2
:106C90006F8F00BF00F034FD18B14FF080500449F1
:106CA000086000BF002080F3118800BF10BD000005
:106CB00004ED00E02DE9F0410446012600272246BC
:106CC0000021012000F008F805462846F6F72AF8CA
:106CD0002846BDE8F08100002DE9F84305460E4640
:106CE00017460024E5B1601EB0FBF5F0B04217D3A3
:106CF00005FB06F010F1550F12D805FB06F909F156
:106D00005400F6F7DDFB04468CB1A04608F15408A8
:106D10003B464246314628460094F6F712F806E014
:106D20002CB94FF4E37203A10BA0EDF7A1F82046B4
:106D3000BDE8F8832E2E5C2E2E5C4D6964646C6574
:106D400077617265735C4672656552544F535C712E
:106D5000756575652E6300004572726F723A202565
:106D6000732C2025640D0A002DE9F04105460E46DE
:106D700001272C462CB94FF488722CA134A0EDF7D2
:106D800077F8002C42D0E06B00283FD04FF0FF3165
:106D9000E06BB1FBF0F0216C884237D3FFF7A2F92A
:106DA000D4E90F12206801FB0200A0600020A0635C
:106DB00020686060E06B401E226C216800FB0211BD
:106DC000E160FF2084F8440084F845009EB9206902
:106DD00008B9012000E00020A8B904F1100000F07B
:106DE00081FE80B14FF080501D490860BFF34F8F86
:106DF000BFF36F8F07E004F11000FFF73DF904F1D6
:106E00002400FFF739F9FFF7B9F900E000270FB1C7
:106E1000012000E0002028B940F2451203A10CA097
:106E2000EDF726F83846BDE8F08100002E2E5C2EE6
:106E30002E5C4D6964646C6577617265735C467243
:106E4000656552544F535C71756575652E6300001E
:106E50004572726F723A2025732C2025640D0A004A
:106E600004ED00E02DE9FF4782B0064688461D4646
:106E70004FF0000934462CB940F22E3264A16DA0C7
:106E8000ECF7F6FFB8F1000F01D1206C08B9012032
:106E900000E0002028B940F22F325DA165A0ECF798
:106EA000E7FF022D02D1E06B012801D1012000E0B3
:106EB000002028B94FF44C7255A15EA0ECF7D8FF22
:106EC00000F008FC08B9049808B9012000E000208F
:106ED00028B940F233324EA156A0ECF7C9FF00BFEB
:106EE000FFF700F9A06BE16B884201D3022D3ED180
:106EF000D4F838A02A4641462046F5F75AFE074600
:106F0000A06C88B1022D02D1BAF1000F29D1204620
:106F1000F6F760F828B34FF080504A490860BFF395
:106F20004F8FBFF36F8F1CE0606A08B9012000E04B
:106F3000002068B904F1240000F0D4FD88B14FF0BE
:106F4000805040490860BFF34F8FBFF36F8F08E058
:106F50003FB14FF080503B490860BFF34F8FBFF304
:106F60006F8FFFF70BF9012006B0BDE8F08704989A
:106F700018B9FFF703F90020F6E7B9F1000F04D1C3
:106F80006846FFF7B9FB4FF00109FFF7F7F8FFF785
:106F90003BFDFFF7A7F894F94400401C10B900200E
:106FA00084F8440094F94500401C10B9002084F88E
:106FB0004500FFF7E3F804A9684600F0EFFAF8B9D6
:106FC0002046F5F7F8FFA8B104F110000499FFF787
:106FD000A5FB2046F6F723FA00F02AFE00287FF4EE
:106FE0007FAF4FF0805017490860BFF34F8FBFF35A
:106FF0006F8F75E72046F6F712FA00F019FE6FE77B
:107000002046F6F70CFA00F013FE0020ACE7000073
:107010002E2E5C2E2E5C4D6964646C657761726502
:10702000735C4672656552544F535C717565756546
:107030002E6300004572726F723A2025732C202552
:10704000640D0A0004ED00E02DE9F04707460D4607
:107050003C462CB940F2AD4237A140A0ECF708FF06
:10706000206C08B9012000E0002028B940F2B142AC
:1070700031A13AA0ECF7FCFE206808B9A06808B975
:10708000012000E0002028B940F2B6422AA133A036
:10709000ECF7EEFEFFF732F900BF5021EFF311805D
:1070A00081F31188BFF34F8FBFF36F8F00BF064688
:1070B000D4F838A0E06B504535D994F945900AF1E1
:1070C0000100A06309F10100C0B9A06C38B12046ED
:1070D000F5F780FF20B31DB30120286020E0606A2F
:1070E00008B9012000E00020D0B904F1240000F02C
:1070F000F9FCA8B1A5B10120286011E0B9F17F0F1A
:1071000001D0012000E0002028B940F235520AA148
:1071100012A0ECF7ADFE09F1010040B284F8450081
:107120004FF0010801E04FF0000800BF86F311881E
:1071300000BF4046BDE8F0872E2E5C2E2E5C4D69C8
:1071400064646C6577617265735C46726565525400
:107150004F535C71756575652E6300004572726FE3
:10716000723A2025732C2025640D0A0070B505465F
:107170002C462CB940F283220CA115A0ECF778FE26
:1071800000F0A2FAA16888420CD1E068401EE060DD
:10719000E06828B900231A4619462046FFF762FE28
:1071A000012600E00026304670BD00002E2E5C2E29
:1071B0002E5C4D6964646C6577617265735C4672C0
:1071C000656552544F535C71756575652E6300009B
:1071D0004572726F723A2025732C2025640D0A00C7
:1071E0002DE9F74183B005460E464FF000082C46C6
:1071F0002CB940F251524CA154A0ECF739FE0EB913
:10720000206C08B9012000E0002028B940F2555256
:1072100045A14EA0ECF72CFE00F05CFA08B90598E9
:1072200008B9012000E0002028B940F25A523EA1DE
:1072300046A0ECF71DFE00BFFEF754FFA76BF7B1A9
:1072400031462046F5F7A0FC781EA063206908B9F6
:10725000012000E0002060B904F1100000F042FCC1
:1072600038B14FF080503D490860BFF34F8FBFF3F6
:107270006F8FFEF783FF012006B0BDE8F08105980F
:1072800018B9FEF77BFF0020F6E7B8F1000F04D134
:1072900001A8FFF731FA4FF00108FEF76FFFFFF783
:1072A000B3FBFEF71FFF94F94400401C10B9002007
:1072B00084F8440094F94500401C10B9002084F87B
:1072C0004500FEF75BFF05A901A800F067F9F0B9DA
:1072D0002046F5F763FEA0B104F124000599FFF7FD
:1072E0001DFA2046F6F79BF800F0A2FC0028A3D177
:1072F0004FF0805019490860BFF34F8FBFF36F8F75
:107300009AE72046F6F78BF800F092FC94E72046C7
:10731000F6F785F800F08CFC2046F5F73FFE0028D4
:107320008AD00020A8E700002E2E5C2E2E5C4D692E
:1073300064646C6577617265735C4672656552540E
:107340004F535C71756575652E6300004572726FF1
:10735000723A2025732C2025640D0A0004ED00E00C
:107360002DE9F34182B005464FF000082C46002677
:107370002CB940F2E3525DA165A0ECF779FD206CD9
:1073800008B9012000E0002028B940F2E75257A1D7
:107390005FA0ECF76DFD00F09DF908B9039808B9FE
:1073A000012000E0002028B940F2EC524FA158A083
:1073B000ECF75EFD00BFFEF795FEA76BFFB1781EF0
:1073C000A063206810B9F6F745F9A060206908B9F4
:1073D000012000E0002060B904F1100000F082FB01
:1073E00038B14FF080504E490860BFF34F8FBFF364
:1073F0006F8FFEF7C3FE012004B0BDE8F081039853
:1074000070B90EB9012000E0002028B940F23262C4
:1074100036A13FA0ECF72CFDFEF7B0FE0020EBE715
:10742000B8F1000F04D16846FFF766F94FF0010884
:10743000FEF7A4FEFFF7E8FAFEF754FE94F94400C5
:10744000401C10B9002084F8440094F94500401C09
:1074500010B9002084F84500FEF790FE03A96846A5
:1074600000F09CF840BB2046F5F798FDF0B120688D
:1074700038B9FEF737FEA06800F0BEFA0646FEF700
:107480007DFE04F124000399FFF748F92046F5F743
:10749000C6FF00F0CDFB00288DD14FF08050204971
:1074A0000860BFF34F8FBFF36F8F84E72046F5F777
:1074B000B6FF00F0BDFB7EE72046F5F7B0FF00F019
:1074C000B7FB2046F5F76AFD0028EED05EB1FEF767
:1074D00009FE2046F5F7B5FB07463946A068FFF7D9
:1074E00095F9FEF74BFE002086E700002E2E5C2E5D
:1074F0002E5C4D6964646C6577617265735C46727D
:10750000656552544F535C71756575652E63000057
:107510004572726F723A2025732C2025640D0A0083
:1075200004ED00E02DE9F04106460F4634462CB943
:1075300040F2BB220CA115A0ECF79AFC00F0C4F8B5
:10754000A168884204D1E068401CE060012508E0A1
:1075500039462046FFF704FF054615B1E068401C98
:10756000E0602846BDE8F0812E2E5C2E2E5C4D6931
:1075700064646C6577617265735C467265655254CC
:107580004F535C71756575652E6300004572726FAF
:10759000723A2025732C2025640D0A0070B506462A
:1075A0000C462EB940F6FD421FA128A0ECF760FC66
:1075B0002CB940F6FE421CA124A0ECF759FCFEF7C2
:1075C00091FD264802687068131A2548006890F8F3
:1075D000590030B100202249096881F8590001257D
:1075E0001EE02068401C08B9002519E01D493068DC
:1075F0000968884206D07068904203D801250020AF
:1076000020600DE02068984207D92068C01A2060E9
:107610003046FFF771F8002502E0002020600125C8
:10762000FEF7ACFD284670BD2E2E5C2E2E5C4D69FB
:1076300064646C6577617265735C4672656552540B
:107640004F535C7461736B732E6300004572726FED
:10765000723A2025732C2025640D0A00D8020020E0
:10766000C4020020EC0200202DE9FF4F85B08046C7
:1076700089461746DDE912ABB800F5F721FF06464B
:1076800056B15C20F5F71CFF04460CB1266304E0FC
:107690003046FEF7B3FD00E000247CB10020CDE9C8
:1076A00000ABCDE902403A4649464046089BF5F713
:1076B0005FFB2046F5F79CF9012501E04FF0FF350F
:1076C000284609B0BDE8F08F0149086870470000FE
:1076D000C40200200549096809B9012005E00449F0
:1076E000096809B9022000E000207047E00200208C
:1076F000000300200149086870470000D8020020FC
:107700002DE9F0414FF000085F48006800287DD166
:107710005E480068451C5D480560002D1DD15C4831
:107720000068006808B9012000E0002028B940F690
:10773000C72258A160A0ECF79BFB55480768624838
:107740000068534908606048076060480068401C52
:107750005E490860F5F7C6FD00BF5D4800688542D8
:1077600077D300BF4A480068006808B9012000E0EC
:10777000002020B14FF0FF305549086068E04448D0
:107780000068C068C4686668B54202D250480660A6
:107790005EE06069D4E902128A60D4E902214A609D
:1077A000211D42688A4201D1E16841600022626184
:1077B0000168491E0160A06A98B1A06AD4E9071265
:1077C0008A60D4E907214A6004F1180142688A42BC
:1077D00001D1216A41600022A2620168491E016054
:1077E00000BF94F82C10012088403A4909680843EA
:1077F00038490860E16A01EB8101374A02EB8101F7
:107800004868A0608268E260211D00E033E0826881
:1078100051608160E16A01EB81012F4A02EB810234
:107820006261E16A01EB81012B4A52F82110491C87
:10783000E26A02EB8202284B43F822102749E06AF1
:107840000968C96A88428DD34FF001088AE700E0D1
:1078500000BF22480068C06A00EB80001E4951F852
:107860002000012801D94FF001081D48006808B127
:107870004FF0010804E01B480068401C19490860EB
:107880004046BDE8F081000000030020D80200203F
:10789000C80200202E2E5C2E2E5C4D6964646C653F
:1078A00077617265735C4672656552544F535C74C0
:1078B00061736B732E6300004572726F723A2025FC
:1078C000732C2025640D0A00CC020020EC0200205D
:1078D000F4020020DC020020F8650120C402002030
:1078E000E8020020E402002070B505462C46002680
:1078F000002D5ED030480068844201D1012000E0B4
:10790000002028B941F24F022CA135A0ECF7B0FAC3
:10791000206D28B941F2500228A131A0ECF7A8FA55
:10792000206D401E2065E16CE06A884241D0206DE8
:1079300000283ED1201DFEF78BFB40B994F82C1097
:10794000012088402A490968814329480160E06C88
:10795000E062E06AC0F12000A06194F82C100120E0
:10796000884023490968084321490860E16A01EB1E
:107970008101204A02EB81014868A0608268E260D0
:10798000211D826851608160E16A01EB8101194A21
:1079900002EB81026261E16A01EB8101154A52F852
:1079A0002110491CE26A02EB8202124B43F82210BA
:1079B0000126304670BD0000C40200202E2E5C2E31
:1079C0002E5C4D6964646C6577617265735C4672A8
:1079D000656552544F535C7461736B732E63000082
:1079E0004572726F723A2025732C2025640D0A00AF
:1079F000DC020020F865012070B505462C46002603
:107A0000002D67D03449E06A0968C96A88425AD2B1
:107A1000A06900F0004028B92F480068C06AC0F192
:107A20002000A061E16A01EB81012C4A02EB810197
:107A30006069884201D1012000E00020E0B3201DF0
:107A4000FEF706FB40B994F82C1001208840244929
:107A500009688143224801601F480068C06AE062EB
:107A600094F82C10012088401D49096808431C49DE
:107A70000860E16A01EB8101184A02EB8101486864
:107A8000A0608268E260211D826851608160E16AC5
:107A900001EB8101114A02EB81026261E16A01EBB3
:107AA00081010E4A52F82110491CE26A02EB82025F
:107AB0000A4B43F8221004E0FFE707480068C06A59
:107AC000E062012606E00449E06C0968C96A884260
:107AD00000D20126304670BDC4020020F8650120A6
:107AE000DC02002070B50646F068C4682CB940F688
:107AF00082423CA144A0ECF7BBF9A06AD4E907128A
:107B00008A60D4E907214A6004F1180142688A4278
:107B100001D1216A41600022A2620168491E016010
:107B20003D48006800283DD16069D4E902128A60AE
:107B3000D4E902214A60211D42688A4201D1E168EC
:107B40004160002262610168491E016094F82C10B6
:107B50000120884031490968084330490860E16ADA
:107B600001EB81012E4A02EB81014868A060826826
:107B7000E260211D826851608160E16A01EB810150
:107B8000274A02EB81026261E16A01EB8101244A2A
:107B900052F82110491CE26A02EB8202204B43F8A2
:107BA000221010E01F494868E0618268226204F1F7
:107BB00018018268516081601A4AA2621146096800
:107BC000491C116000BF1849E06A0968C96A884207
:107BD00004D9012501201549086000E00025284648
:107BE00070BD00002E2E5C2E2E5C4D6964646C65A9
:107BF00077617265735C4672656552544F535C746D
:107C000061736B732E6300004572726F723A2025A8
:107C1000732C2025640D0A0000030020DC020020E4
:107C2000F8650120A0680120C4020020E8020020BD
:107C300070B5002400265048006828B940F6B30209
:107C40004EA157A0ECF714F9FEF74CFA4A48006829
:107C5000401E494908600846006800287ED1544803
:107C6000006800287AD05BE05248C068C468A06A07
:107C7000D4E907128A60D4E907214A6004F11801A7
:107C800042688A4201D1216A41600022A2620168F1
:107C9000491E01606069D4E902128A60D4E90221B8
:107CA0004A60211D42688A4201D1E1684160002298
:107CB00062610168491E016094F82C10012088401F
:107CC0003D49096808433C490860E16A01EB8101CC
:107CD0003A4A02EB81014868A0608268E260211D97
:107CE000826851608160E16A01EB8101334A02EBF5
:107CF00081026261E16A01EB8101304A52F8211090
:107D0000491CE26A02EB82022C4B43F822102C49F8
:107D1000E06A0968C96A884202D3012029490860DB
:107D20002448006808B9012000E0002000289BD00A
:107D30000CB1F5F7D7FA2448056865B100BFFFF725
:107D4000DFFC10B101201F4908606D1E002DF6D127
:107D500000201D4908601B48006800E008E038B1B9
:107D60000126300719490860BFF34F8FBFF36F8FAB
:107D7000FEF704FA304670BD000300202E2E5C2E64
:107D80002E5C4D6964646C6577617265735C4672E4
:107D9000656552544F535C7461736B732E630000BE
:107DA0004572726F723A2025732C2025640D0A00EB
:107DB000D4020020A0680120DC020020F865012028
:107DC000C4020020E8020020E402002004ED00E0EC
:107DD0001CB50024F4F782FE0B48006858B10B482C
:107DE0001F2100234FF48072CDE9001008A10A483A
:107DF000FFF73AFC04462CB940F2191207A110A073
:107E0000ECF736F820461CBD0C03002010030020C0
:107E1000546D72205376630005D400082E2E5C2E1C
:107E20002E5C4D6964646C6577617265735C467243
:107E3000656552544F535C74696D6572732E6300AF
:107E40004572726F723A2025732C2025640D0A004A
:107E500000000000000000000102030406070809FA
:107E6000000000000102030420030000800700005E
:107E7000803E0000200000002000000020000000E4
:107E80000064000000F0000000D0070000000000C7
:107E9000B4810108200004006BD90020F00100200B
:107EA000AC81010898000400EED90020F401002004
:107EB0000C8201081C00020051DC0020F8010020A7
:107EC000D8810108140078008CDC0020FC0100201F
:107ED000A081010820000500EFE50020000200203D
:107EE000C481010818000F0092E60020040200205F
:107EF000D081010810000200FDE7002008020020E8
:107F00001C8201082C00040020E800200C02002044
:107F1000E081010810000800D3E8002010020020D2
:107F2000248201081000080056E9002014020020F5
:107F30003482010810000600D9E900201802002050
:107F4000BC810108340101003CEA00201C02002031
:107F5000FC81010810000F0073EB002020020020BC
:107F6000F0810108FC05140066EC002024020020CA
:107F7000907E0108A07E0108B07E0108C07E010845
:107F8000D07E0108E07E0108F07E0108007F010834
:107F9000107F0108207F0108307F0108407F010821
:107FA000507F0108607F0108648201081482010883
:107FB000A48201086C8201085882010840820108ED
:107FC0004C820108988201087882010880820108A9
:107FD0008C8201080102030405060707070707074B
:107FE0000703060C18306078400200203C02002095
:107FF0004402002048020020FA0000001535010864
:10800000E80300002D8B0008E8030000457200081B
:1080100060EA0000FD4A0008F4010000614F00081A
:10802000E8030000496500080600000000000000A9
:10803000FFFFFFFFFFFFFFFFFFFF0000000000004A
:108040003F000000646563006964000072756E742F
:10805000696D650068656C70000000006C69737480
:108060000000000068657800766F696420476574D9
:108070004465677265656F28766F69642900000042
:10808000766F6964202A6D796D616C6C6F632875F9
:10809000696E74385F74206D656D782C2075696E1B
:1080A0007433325F742073697A652900766F69646E
:1080B0002077726974655F616464722875696E7493
:1080C00033325F7420616464722C75696E7433326C
:1080D0005F742076616C290075696E7433325F7449
:1080E00020726561645F616464722875696E7433BF
:1080F000325F74206164647229000000766F6964E5
:10810000206D79667265652875696E74385F7420B4
:108110006D656D782C20766F6964202A70747229E1
:1081200000000000766F69642064656C61795F6DA2
:10813000732875696E7431365F74206E6D73290013
:10814000766F69642064656C61795F757328756901
:108150006E7433325F74206E757329004C5749502A
:108160005F434F4E53545F43415354206E6F74200E
:10817000696D706C656D656E74656420636F727295
:108180006563746C792E20436865636B20796F7525
:1081900072206C77495020706F72742E00000000BE
:1081A0005245415353444154410000005443505FF1
:1081B000504342005544505F504342004E455444A2
:1081C00042000000465241475F50425546000000C1
:1081D0004E455442554600005443505F53454700B6
:1081E00054435049505F4D53475F41504900000090
:1081F000504255465F504F4F4C000000504255468C
:108200005F5245462F524F4D000000005443505FCF
:108210005043425F4C495354454E00004E45544331
:108220004F4E4E0054435049505F4D53475F494EA7
:10823000504B54005359535F54494D454F555400CA
:1082400046494E5F574149545F31000046494E5FF1
:10825000574149545F32000045535441424C495301
:1082600048454400434C4F534544000053594E5F2A
:108270005243564400000000434C4F53494E4700C0
:108280004C4153545F41434B0000000054494D455D
:108290005F57414954000000434C4F53455F5741DD
:1082A0004954000053594E5F53454E54000000009E
:1082B0007463705F656E71756575655F666C616727
:1082C000733A206E65656420656974686572205430
:1082D00043505F53594E206F72205443505F4649BC
:1082E0004E20696E20666C616773202870726F671C
:1082F00072616D6D65722076696F6C617465732053
:108300004150492900000000646863705F6F707419
:10831000696F6E3A206F7074696F6E735F6F7574FA
:108320005F6C656E202B2032202B206F7074696F7C
:108330006E5F6C656E203C3D20444843505F4F505B
:1083400054494F4E535F4C454E0000006E657469B2
:10835000662D3E6877616464725F6C656E206D7532
:108360007374206265207468652073616D65206197
:1083700073204554485F4857414444525F4C454E32
:1083800020666F72206574686172702100000000C1
:10839000414C49454E543839454B20444154410DD8
:1083A0000A000000C4830108000000204803000008
:1083B000C00900086C84010848030020C0F50100D2
:1083C000143F000811032924F4321003120101099B
:1083D0001113111E4080010854041A5C041A480449
:1083E0001A64041A44041A4C0413A1D61B08D808B2
:1083F0001ED16A0108AC0813B1481F082481010886
:10840000C9081A400813BDAE1B0880181A99081A2B
:10841000FC0813A51B1B0868082274180F202D5692
:108420000108894E0108394F01086D0C0A14077FB5
:1084300001C9136DAD140845AE1408800632203210
:10844000101C68806A0C1AF00C0475D00768021AB8
:10845000C00B3C6E1954052001031C060544908393
:0C8460000108023B1F1AAA01C100000025
:040000050800018965
:00000001FF
